{"version":10,"hash":{"type":"Buffer","data":"kNp137MjRY78BhXkai8QVSQ0Fuk+jGGavKgrOhg37Re6a0w2Fm5BSlpbmPCeqVZ+Xm2xlXaYog46JN1OJgsstAjtB7FoHguf1QOVVM3nVXGIPNvGrJ40ffbhyI0e62KkcdANXeglBXHpPsrNgKJI8XmF+AilfcQluNK6bhfIH6A="},"indexValueMap":{"D7JR+LrXjHUIEy1qi+Fusf901Z45nleXrmjebYwFgn0=":{"valueMac":{"type":"Buffer","data":"pw1jynPBwN0n1cEW1tULBL/Un83vnLBP0SooFox6tII="}},"GTKNX/2L4sz2R6ykxOUzq2RXILDpsHP5LERzkk5PT+o=":{"valueMac":{"type":"Buffer","data":"TF2//E+I8DTznw5ZptmFtAKEx2w4R3WFlzWQAu4Jgs4="}},"HDg8bSe1FEj63eZDfpRXJS5I+CGQDybEQ8xIJECVF1o=":{"valueMac":{"type":"Buffer","data":"oMkhAgIJk2wkxGluCKDXAXzyl24iol+40NSJ++rZlXk="}},"Qo40dvNrPjJfTgmBG+ntHRFKatVKWGB569As+vLEQT0=":{"valueMac":{"type":"Buffer","data":"YBfB/URTwXh5WfUQ6Bx9V4kqvolnV7wv19caUvzXMmE="}},"TwZwYj/V6Beip3VS3ilm/CKvA7CuWRPs5yM+x6GtnKU=":{"valueMac":{"type":"Buffer","data":"BL9KKoKaXsgT1CrHU8BRpWRasQAIQ2hdCXqgLYUtIpo="}},"VwayzWWuXLSVSXiMYbDXhOh4Qbu/AKtn4A3KX79weEY=":{"valueMac":{"type":"Buffer","data":"AauavPCq3JIGxjKusxXb/QqiTOwP140bCP/1w/yCZMg="}},"WCzGTKGhoCjESDSmio3iMd7VFHyh+BaSi09GH24Wayw=":{"valueMac":{"type":"Buffer","data":"LQReKf5fDAWTZB2OENNJKkhVZ27tvIgkuJD2QMx92Ac="}},"gsIYfGW8UTe6ycXS+4y3vMFkw0E6iEmlafq54SY87ZI=":{"valueMac":{"type":"Buffer","data":"W9FrtfeN+BQZvitfojT7P3U2rM5WsWE18LXqoPqlb/4="}},"hveLs9K86DaI745EjvQQ/pVDBJ3RxgByROotVIsz1X4=":{"valueMac":{"type":"Buffer","data":"OLDebesQXV2ecQLWcxLGbkUmDgu1zlAxr4lLWaQmgvg="}},"k9rSTPLmNU25Q2tVhJEK957BKfcdo8WXWqcy6spqsRI=":{"valueMac":{"type":"Buffer","data":"z+qwJvFzrYNsf6kacRmxmVVHTYTIrPH/YBpMqXzn+Uo="}},"r90SzgTf6Xrxe/O2FxQ3ld4KkQp5IM08g6vxJ9tBpr4=":{"valueMac":{"type":"Buffer","data":"cyPfOqjz/tMv5wjaV2zOXBL5AWnqyJBvniJR1Dn5SIg="}},"sJA5KvbdC5UhVzKf73TspXZfR2Fo1JsZQlFL7sJzeQA=":{"valueMac":{"type":"Buffer","data":"hTh80vPkOsBevGQPrDbzJacWo/I+a8uDZG3B15W1yt4="}},"u/ugAhGciZzUfDLHWZ0VuHATA1MD9gSwd1QNZqOLblg=":{"valueMac":{"type":"Buffer","data":"MMXXAyP4ZhRYBn9HXSTpftbz1n4ePlTFCJz+7HZaKcs="}},"vCyQiM9J2Eg9r+oTGBQGdCzJ6zJVAJxaW7BIrlCtMwc=":{"valueMac":{"type":"Buffer","data":"FrCjWRWlYQC68w28quv4PhwHGAMZN/s99I/8EbvDOcI="}},"vPeftc+RCNGHTOOV9XOpXqJVvY24OiUpjWYypK42dts=":{"valueMac":{"type":"Buffer","data":"fbf+936uuEDtGDMP5e7hdRjKSTugTLwgd7vgA0FNuzU="}},"y44uKI5TcEEAxO0HGqkKJCuMlgrTNf+46qSNiG134xw=":{"valueMac":{"type":"Buffer","data":"ISUw1g95Ne67+NwEgWUPp6xWuAZqYt3sVyP3Qj9xg0A="}},"zRqZOCXUtekEGGccIB0eHvh6U5Qh63rL80Wevqp2im8=":{"valueMac":{"type":"Buffer","data":"6yMzvE8yIK2nBxE1QBl5cH1vc74qyzRMpXK5culvLNs="}},"z6+2rZaS5e+4ooLgXs0UAwyPnw2cb+Ycb8aJUfGEM7M=":{"valueMac":{"type":"Buffer","data":"rwrebvHmKBNYPLtUFe1YkhS/iwUuCW4gmNTe6gpv9jE="}},"3uXieO1OHlnePMggfJJQed1stljmDPp3+WpPgvqqO3c=":{"valueMac":{"type":"Buffer","data":"bqLVkrU7miOZg8bmeGGEOHggtJWe5wHW7rtfXO2d3rY="}},"31hwFChgf5gTOkhVVms/NEu+fBYHoWxSi2mAb5L16kU=":{"valueMac":{"type":"Buffer","data":"aVPxJI1byWHOKm23+KsIVeVUQpgff7A0aeoem7e8wkc="}},"5ccmVPnf1khREO0I91zjymYgV7OnfL4AukTT3diPR7w=":{"valueMac":{"type":"Buffer","data":"pWY2GYl0Lo1biy8zmhOE63M1Nv6PgIppoRTyNA2CoYE="}},"9NqItSrBCyxDKUool/QtcA8R3h0ytAtS001E1hDoVVc=":{"valueMac":{"type":"Buffer","data":"2CHUOV3jOIgzIXz/V1ODvJt6HcJX6Kdn01APkssiyec="}},"+ejc1CQvvJxhHw4KIrpvNlHLYJTZlnwrneoMGK2oqBg=":{"valueMac":{"type":"Buffer","data":"/QjLXZe28UO5GF4U50UNcUml0actYcezpJsUjACHRlw="}},"/ODUUhvWSBtfOtUf39VUTFxR+lkTYx3nUcL3ojv23zM=":{"valueMac":{"type":"Buffer","data":"ZDX2GW3HhY3B77H1KqFcPHoFTjks/K5scKHms1t1Q3w="}},"/j/pT/leQJp5Ps4b3C274HTPGLIBHKxuS1MrvoalpP0=":{"valueMac":{"type":"Buffer","data":"uggz4yu8od2GJ23G/y4JoSrMXTyPMvztGfkuTf9AmxE="}},"P1v4Fzd5QDiBB7zgMfQKhMy0ZuP78v9WRTjTa/JjkSU=":{"valueMac":{"type":"Buffer","data":"EIeM9sHC4LaqB0xqw/VQJxqc3xQAyPgWtILUL0n9TZk="}},"fvQVmCCfNou/L++odmKP5/PetAyi6ZIMr+8uPAUDWVQ=":{"valueMac":{"type":"Buffer","data":"10bxTx0aK1PivoTLv82SzK2Avsgx1/VHTBcs3BzznIo="}},"Njpxy0D0CrU78wL4IWhPDJxVEsrD9R1NmkEOEL3+cSw=":{"valueMac":{"type":"Buffer","data":"3JGR2W/U/azQOt0UkxRRqfhTGCSDdpWtoYh5pPgZWkA="}},"rqE47QHrwVZnfUldgDDBLH/JnIYYyFkd/e4hy1MeeJI=":{"valueMac":{"type":"Buffer","data":"XMzzUT7jsGCjsc5Jg02AG/vwfFXPhVQnt4R9lZvXXuw="}},"1EjOUGwTyRmYanlSa65sHE+NdsWhqBSd87mCYgdYqes=":{"valueMac":{"type":"Buffer","data":"2NuJ9A+J+tsHxe6uPwMMKYrBafoHnoQCH6W2kttKWLA="}},"7q0wQhVH1AqBiR6hMbhdoK5vVpUrXyzn2Fuj0sR04pc=":{"valueMac":{"type":"Buffer","data":"rgBlVazEcWh6gjmq6FR+wC6nC9MA7odjmCPbC+YFIQo="}},"inDUmZE+blA+gIg16AKP0BFvv3/Dcyi0Kf9GKkplsRM=":{"valueMac":{"type":"Buffer","data":"XheYdvISjcAFLP/ibkSpYkDYcCnyn7Ilv0HSvSESXvQ="}}}}