{"version":2,"hash":{"type":"Buffer","data":"TtM8mHTVqWwxJqb3yrGt0LsL+B1I8cScuVkEbBX75d1IkzMvLSdbfDj/mdZLchPyjYSpzXsySmFq2Yax+NqMtDzW2pgUKGaD0UYjHhXtf1MkcNVSw2EI+/e6YxWVfeHQJbelWUFfmgRwHKB8qbw1tOHDLYihPA4iKtdERvLozDk="},"indexValueMap":{"fRkc6Du+lmnKTwORN4ONtpvX3XWI6OZrsc9SnmXtKck=":{"valueMac":{"type":"Buffer","data":"jV1o/IZVEQxUQCW0xohmOtRYrXrPv8KJ1QpeXg55Z4k="}},"muwaNH+/SFmRdW60HlF84VpUp+K9xBWUISqAVyK1HjA=":{"valueMac":{"type":"Buffer","data":"Vrp+B4iAEfz9ORdsNI64ITPWpTXwE4D9cKNr6sZdMGw="}}}}