{"version":11,"hash":{"type":"Buffer","data":"yi83/KwggZXDKJliDCALfxsu7qh/FF7WQQuKFQJ3h30pjFl0c2cTB7C3RdVm+Kc6t9SV4CyOPj+eC7nJTeldHVyeKC5KlNAB+XiCcMvipBovv5/hrAPqee688u4+nmuGvbsJcVVs2Z3ahqiLdYu1A2FI98yzKHvOItOSEKBDSaU="},"indexValueMap":{"BjAXG50ewbASVRdyWu0J4Afgh+FJ0o0Oa5JAXxu3d3k=":{"valueMac":{"type":"Buffer","data":"QzCi8n3KCltZgkw6w5cUsttCa2w/tyJicfBl4XoiqFo="}},"Bxa0vlKF/5TkPN/vOprIEDAJq+wsphQ+l3RBlQU0HFA=":{"valueMac":{"type":"Buffer","data":"CAB7V899hplu73YsDGpCEmiaeQNp2zdRB2ZR2sC8qXk="}},"CGaCYup6f1aBZMP8u6bHqPylFMaYJqAAJ18+LOMriTI=":{"valueMac":{"type":"Buffer","data":"w6WbqlOqm/XlGBPVDipU52t+/0QAktiETLYhCV0vP7A="}},"CUbsz94CKcA55oLTNIAZAEAtY31MXhbhRTTzsEKpr2s=":{"valueMac":{"type":"Buffer","data":"SjkoH+kUg5jqikPVbaQ49y72dALKZIn7km09ozlfHCk="}},"CjIuCzBvQTgeHk7GuKxET8PU5XvRT5U4ebKrNqdOxcM=":{"valueMac":{"type":"Buffer","data":"9wtq3OM98LhyaJ2XIA81T42gRxOiqACbY0lurkolg68="}},"CnbggOz+noijXNo6+/2siOODk4i4cLQZFcQgzH9uUx8=":{"valueMac":{"type":"Buffer","data":"bOSRkPGwDdJTzuFLAqB51ndpY0CX+jT0x89/OPDf3HE="}},"Dsi1B3Hb3p5jqpBeWLpCPLJ6/ccEL9TMm9+Wqa8Osg8=":{"valueMac":{"type":"Buffer","data":"qK3tZrmnGg/c/bIUUXU/eI0Dy2vMzgtenj8SK1alQ/U="}},"Du0xMO7ZNeB87AsrIZOEzVB0pOhh/WWlo2AkoNexetc=":{"valueMac":{"type":"Buffer","data":"fftdoT/z164QL7kKa1wh1fwI3Uo20tKUmXjdWa1sTZM="}},"D2Hod3hUbMifKsWiylkvB1rgyJQyu3CC3mIJqDCZyhg=":{"valueMac":{"type":"Buffer","data":"JkBCXNoG0xV+Uc2Zew7cYMW7rgrNN2WSunW5GrNgpW8="}},"EhjaLP3P9UsaiZYkJzznYvd3Ypb+jJ5LtcI9F9Czz3E=":{"valueMac":{"type":"Buffer","data":"GRF0caWJuLepBCI3vGeHkDW3obtNNMDra6zIc9Nl4iA="}},"E7DE0jFB5YnHqk/qj21qyE3ptm9T3GM8LpyRodXh20o=":{"valueMac":{"type":"Buffer","data":"EDSUj6IzVzoPQH6DQ/Wmrmy4eFpUVu9ApQYO4gJDxLA="}},"F6OE6/WbEU17h34eDbSIQXbEdYRJVXniC1/8FT56N9A=":{"valueMac":{"type":"Buffer","data":"x7vKB8aUw/zJFR6cvSuYhIKt4Aq6RXkvNXHne+JzfHg="}},"F6jbg8j8GcSdOfFRbgobXj91Nx1MFBOAOVjcpLNFnzg=":{"valueMac":{"type":"Buffer","data":"B5m/JyBpebJt7vjar5SS/9lKUIvaLRANxqmCyypvJyM="}},"GG5MkDQIqfNweLQPPvjB26ZBHU7TvgHOpDBy32fGpAs=":{"valueMac":{"type":"Buffer","data":"1hcVXigUBSEsRSehkqbmf0CR2i8HYXtOmw7RKntESLk="}},"GcZB45EgsM5mtFCWeOiikL3vq9PI6mF4nf5vze5Qa4c=":{"valueMac":{"type":"Buffer","data":"kwaGR2aTj7ilzHScdlevx/apxf6AEqtpzOrcHt6s46E="}},"Hah2+jC9QQjdxAM81qiSbd7BpgdBa64iGjXcY++19Qs=":{"valueMac":{"type":"Buffer","data":"Vh9WECfSJwVJR1ybE6XXBoGt3uIftg/hSyCu3uvZXW0="}},"H1V6+30plmYxcu+S9yWfK/ku/5/y/fT2g+O1TG621O0=":{"valueMac":{"type":"Buffer","data":"+/byVACDvsvkrBADdx5fergr+yLkkVrVu4VDJDETB9A="}},"H8ygNuPelgKAMIekdYkGJBa8Ws7/RDaINWj0L3/pfSo=":{"valueMac":{"type":"Buffer","data":"h3XX6Fl3oH+vCaGLcFVRR0Cq8II+ax1nSSCzTKdY8fE="}},"IksdZvRZLbsmy6vly6K78+UUuh2tDJxtcBD7Md+XNEI=":{"valueMac":{"type":"Buffer","data":"hKGmdibiCHffhqpeCk99PwbqPaDITtseiBpMfSuEVdY="}},"IlhcxKACokOFSBTGLoMaoA/ECB+Y2+cr1RGsAdyCvoM=":{"valueMac":{"type":"Buffer","data":"9+cMHAco/JqhTxIK0CamL1kHOjOsE+c87d64UMM6BiA="}},"IwNCgRD9EOu50bIVYd/ow1Z5ihBzqp6ItyBTRSq5gAU=":{"valueMac":{"type":"Buffer","data":"K1FJ1O+ZAjYb+bKIX0cmU2yooySR54OykU+qL5i/luw="}},"I5bdy+MEblK26/PFgqK39/eK/VeVZ+ANmJMVi6PeXs0=":{"valueMac":{"type":"Buffer","data":"U4byAoYiCHzdhy3zFtaEAtFLPWO5MhOV4B6hvqpcENE="}},"JBrdLEcSdyG5BH7A+97yHN3xB/oMzxCwlT/LFVDCFrk=":{"valueMac":{"type":"Buffer","data":"B5yjLwKughbW/Br9XFU+2yfud2SpUEsDPnBAbNL0nHQ="}},"JyZRkgEH/MsaDRk5J+rdIgE7u1u9AVe7cNbX4tj18t8=":{"valueMac":{"type":"Buffer","data":"brvn03vCn/J7GRxVKfwR4PwD6sgcxjfgX5uwne20IZo="}},"LcU2aIBEq5gbGjpHKeDFJWxYqLUjvlxHhyUdci2aiTs=":{"valueMac":{"type":"Buffer","data":"if/x+hF0OB1qV9jvcK+QxNTfq4AB9RCozvJPqJrzkdE="}},"LwkRQYooNeRjNZ7ngond9uLRK3BhUBULtJfk64G1bVE=":{"valueMac":{"type":"Buffer","data":"oiwW5Z45oXTsneYJXzcKaB/XXxUX7cH9KvDYnCmzOKo="}},"Mg2FzxjrOQ+7i1okafqeBwolbnQgtGtjQxy4XckGE5w=":{"valueMac":{"type":"Buffer","data":"F3MnRcpfzSO8HizL1epLeaAM8OhJ73p3fiSPwKqWDXw="}},"Ms3ixuD3Yrl0D43LfT+hoP9GlTiKM5q1rjoCOqlJ8O4=":{"valueMac":{"type":"Buffer","data":"iGR96nLHCBst7xyAezCg5Bc9WHRCVLsviHpmL/qTDMk="}},"NVbldiT/grcGh1Okjbha6U1cAAXcVoDhjB06Wqki798=":{"valueMac":{"type":"Buffer","data":"4RhWv5hfLoyZ3QLtBRGENcn8Nie3MR8C/P1B+Yi80v4="}},"ODGIZnwZLZut/mm0lCYvei0b99OPi7LNlc3aox8bhhE=":{"valueMac":{"type":"Buffer","data":"USHRVF+FTcC0vg1+LbWpxuMA20n0bmV4VXPxj3ObYO8="}},"OEE0Py5kshW6kfq8Mj+OsOaD+RAet3FFXJmX5OK7CB4=":{"valueMac":{"type":"Buffer","data":"EB8GKGPVu1ryPMfUp8ERJLl5rFzmvnf37qnxObetYaM="}},"OyFD2fo+n3oYtLY0XsUu1Fcwt4yKCoowfIGcK400sRY=":{"valueMac":{"type":"Buffer","data":"Ub8VxcFq+FFbwbGhCzuTxjlF2H28Vae/7+9xKqZ2ujg="}},"P2ECyaz4web+cPoVspxq3esWj3shGrz9yJe38O02fdM=":{"valueMac":{"type":"Buffer","data":"Kxn0PfO140X6WUejK/w7ImzldZkctbEwZlyo/4kjUu0="}},"QLYUNXHhkug17edT17xgCUmZty4HPZgRD45XbKIp6FQ=":{"valueMac":{"type":"Buffer","data":"eAlgH/sRSf6VkJHaxEDWl/gKrivdZkc8eMkm0OFH4EQ="}},"Qi4PKH21RJ8Uc5nZ4l+2/6qLtvpLLIFdUjZLSTYNgHk=":{"valueMac":{"type":"Buffer","data":"xiuWsmovpkKA5xpQcBB3h6/FI8MIHSBcSO8UC4S2Syw="}},"Q7Kd2knD0kW+NRns/fSBnARh2kA9VBF86vUJwt53POQ=":{"valueMac":{"type":"Buffer","data":"SpkxPIq2OtczPPvRGMIMmtYKVmEDjIKmscZjhsa212I="}},"Rkh/NiN+3gL2Cj1JDaNL01aZnvKk5FS0hvbPLH0pAZw=":{"valueMac":{"type":"Buffer","data":"4iJeoSZTFEn6b2BLwbeNsqqx4dC22cMe+/ee1c8tUzE="}},"RnADWMnEQmJQVVk1ri2NbFzQcORjRT5GPPXX/kyrNVQ=":{"valueMac":{"type":"Buffer","data":"90o6T5t2Z1oORvHCfyXBKRU5ABJyFs4Q2TUq1srvhKg="}},"Rxd3bvJh0jXgPS1eyZDoBiy7M99udobrpy2Cv5alCx4=":{"valueMac":{"type":"Buffer","data":"AZ2XmEgyKq/jPoKvBYym0d1BksiL9x7i06QdwjAYN7Y="}},"R2w/pWTM44zx81d9CZKd+EPv87sUWC7FUXfiYxxBM6s=":{"valueMac":{"type":"Buffer","data":"qg04NXNokae/9n0eIluZKlcVhoc2swQsqN8TjtK4Rtk="}},"SzO7jNbpNDe6vVc102jIhIMWZ+8p5ahLykYMSqxxIto=":{"valueMac":{"type":"Buffer","data":"d+RExlZHmd+5J1sl1tZFAwAO+4LaFv8AqfqAcQXr9XQ="}},"TdD+7lkGkfqrbEzDouy5D5f7Fh20Px+YXAl9C7eCSQ4=":{"valueMac":{"type":"Buffer","data":"ebGN1/DFlm6iYwEfbVgIpHubd+YG+tzfBSxPsMRuE4Y="}},"VLlXSKKMKjAXy7h7uaScGlLhE/eW3+XuaEbX2xIf2sk=":{"valueMac":{"type":"Buffer","data":"Yg8M34xGZd7HhhZKmqsPHS9gQSs1BXm1Oyc5bQ6ofPU="}},"WuQ/HeCOxa2TZoO9GJO5IrJswwLAdAiZWuJSFBgY9xw=":{"valueMac":{"type":"Buffer","data":"DJJwbPAfReIvtRfnmNwfKjC5fwz4rQ+G3J/cFjvfDuY="}},"W6IlNEA6chLqr6ABoaIYEo21oj7vjWjxp73kujW14Ag=":{"valueMac":{"type":"Buffer","data":"2xWZocPqw3CIULsBI/D9CQa9jlM9b3F53m48yFM0fJA="}},"Xj+eP7r4wmA0CaImMp1uqAwRupYwQfDS9S/a+pij0Vs=":{"valueMac":{"type":"Buffer","data":"Gtib4iohM1KCU7RW4OVsVd4JdjiHyrnrqsg3p4JL7yk="}},"YE851wLWKciKoFP/M4aQP9E+bgJULW42IxE7FDQVix4=":{"valueMac":{"type":"Buffer","data":"S5D9MS06vLsIJn+s+7Sv+FdW5L1TOdyKw9VrwLwxSCM="}},"YTx7xmi6IJndNnGV8OKhnV9z1bNuucWKqbQA4SI6hEU=":{"valueMac":{"type":"Buffer","data":"boUT4RaxnHYZKnptUEz3bh3u6WGpMsS6zip1pUXHVDo="}},"YXlEqrbRzqcZSFBWcwTCSKOTDvTpnE2zuowJecRZDOI=":{"valueMac":{"type":"Buffer","data":"OtZ+tbFnUeF328uaijAsCC4ZSyYkuTLxxo1psxAF51c="}},"ZIXAbKxP7Ad/Hzlg6FAe1FTry0h2IVvyQ9XVrMPO9TQ=":{"valueMac":{"type":"Buffer","data":"jewN61AcBZ1IxDBUzCpC52UojPoI1UvK71RwGuL2CDg="}},"Z0+bQnwdHLNvOX2mNTqyd+/gpcskUU9G/kDnlLmyKv0=":{"valueMac":{"type":"Buffer","data":"ctALVJ6X27Ns6LRhKNQIrP8J1jsHCbO0/0LrzvfVOvE="}},"aCEySw3k8fGHbAO3G8tDKNoVEUbhicEWdB2i5E+1j/4=":{"valueMac":{"type":"Buffer","data":"nAvtGLfvBbGSLmtw3raE4FpyRG7hOtokpWnxFyAfNVY="}},"aFCxuru4t0xx4kAwSJkmJVrkvEx+/QpqTulYpUL+1lg=":{"valueMac":{"type":"Buffer","data":"ELAwL0iLJNh2DusaBvfkXt8NBn84yvyDBJXLLd7qizE="}},"aXyfurUPSnRflcTWHblKzd3ybk0vbwa67In8gf+UsYg=":{"valueMac":{"type":"Buffer","data":"IC7YtiD9KN0Oe1PUpAaJ7cc/VNWG3MbWFPDrZ4sLvAc="}},"ajX7gPJQf7PzaKpAJGKrkWCUiOLsA+GWcbDq7SS7vt4=":{"valueMac":{"type":"Buffer","data":"6mS4nY/m0c1C6ntT/Cxxj5cxbMkrSXmik76ecZDz9kA="}},"a9ahp5/XIrbLlaoQeSjda3WHbpf7NDOHr4OdM+OSu+Y=":{"valueMac":{"type":"Buffer","data":"UQZ5+h4IgSORGJ1cG7MABpOAUc7knVo8zZUOXvF9REA="}},"cAh5EyTXAsOgJlQNznT0F5onhOG/z9hRu7idFs0TL0s=":{"valueMac":{"type":"Buffer","data":"N34b97hO7gworNRhZF6Nuu+sS6KoXIolgy2EoCun0sc="}},"cjD0qvxPr2gBL6mbtqayNBCEVoHru9SW7PCicEiXVwg=":{"valueMac":{"type":"Buffer","data":"mq/OT7jKkfTrpHjiAaTjveJTdwlQlevohf+igFjZqaY="}},"dTSgko2qcsZcb06Pk+lgD+6ROhlszQh1vA2Ov0Ha+T0=":{"valueMac":{"type":"Buffer","data":"yQO7gHndWyFy2L8hq+AZAKuSeNo2rx5/fofP5QIq/+0="}},"dXfDLmRDUh5vNLsDLGkg8meWHFTPCvYMZZZHaqep870=":{"valueMac":{"type":"Buffer","data":"cfQaauLv1eQpqaNIMLa38gThecdV9OyiHjccyc0rsSw="}},"d4Oq5tvu8m4AI4bFxyFf1cPk+heGt7Z1qFar0X3evpo=":{"valueMac":{"type":"Buffer","data":"0G4SmC7rnjnVzTWMK9p928zRk/1B93Luh6K93eIVKc4="}},"e1DM5kg7aS0vh0zsnkV5gwbm06WYYGc5ATPDq/EJ3nY=":{"valueMac":{"type":"Buffer","data":"Ne1NhQSqXJTryd5jbCdD0GSH25b6g+XIuUCWxmyYlag="}},"fDFOFhNuZ3ZQ0laBxcqcUPtMno0jTJ28XMZXOnRb72Y=":{"valueMac":{"type":"Buffer","data":"Zbtup/aYVT20Kb5C3yVS022ghZ6BVj1zlw2rBxL14zI="}},"fcApN2+DvJXfusXEsBS+8N2ka4dFVVXfLh6v8+iJ2QY=":{"valueMac":{"type":"Buffer","data":"DJ7ztX4xJBi4NfHW4QAiuXzkfa+ms9Rl5cjPL/vbrv8="}},"f4MXUpbN9csj2sVa2ApsFgHgh3rBBsgGVscVE3HP1D0=":{"valueMac":{"type":"Buffer","data":"5bt/PIg9zTl/jICcAXD4/BRWL7OZiGo5fA6PpXoHcKo="}},"giaGQjcPe6qFG1IFiDpl4rco5Kz2+i5QUP49iRCXtMo=":{"valueMac":{"type":"Buffer","data":"8FUxNKbgnzhC2jkZAty/fWYXwUrTvZWOEEe+8E1jK8U="}},"h+1IY8z6U3soiqgRGVPnfwWykuWkx94ZBYXbiFnpmS0=":{"valueMac":{"type":"Buffer","data":"nbic0ls2DW3CaxsNpPZ9r2zV4iKQxnjzkXS5Btc5AsA="}},"iaai6+g40LyOYGcHG8tWCRFQTVqNgomg7M/TF7l6/Rg=":{"valueMac":{"type":"Buffer","data":"tY7uiA5MLOiWqY3HM9W6Mt09HQdT9cVSecvTC1QEH+g="}},"ifwk3TsXNq83KzK1QHkaRII81mLU4j3yujPTcxwJl9g=":{"valueMac":{"type":"Buffer","data":"jX5im1vB2rHEJ8y4s/etb2FAB02ImXN3oOX+59ztjMg="}},"kb6NDA29hEzMZ0+QKzGpjcpr1H8ARHOJAnVaeHkriLw=":{"valueMac":{"type":"Buffer","data":"Nddo+dKqmg2b7Gzsv3BgAQ0Cd0tQP8z3xYVSrJrOBXs="}},"ktRUA7DOAeakhD9Ig4e6gaRqJbN/TDGrzJr79svR+9Q=":{"valueMac":{"type":"Buffer","data":"r7KYKtq+7nMyPOocsgGWiy9p0aWQzxyZu7nlDdpvGD8="}},"k8NavVDkexcnAt8Y7mcN0y3DPvWCE0SbxVF8P7vdk/g=":{"valueMac":{"type":"Buffer","data":"CmVELz0wWjC94YXygHmsmYkQv/Eah6UILe6kOkUEvSo="}},"lBH7LZFq284PYMhoYvktgRDQjUucqJPrIHGmf82prUY=":{"valueMac":{"type":"Buffer","data":"W82LI8+J4QqA5kBPsFf7FZiuARAqjsHOni/AbztMQXc="}},"lOvWQTpJuXLbrfZcgaFhCIme5EYRoSBA4SBfKtblkYY=":{"valueMac":{"type":"Buffer","data":"397jtbIq4FEMngJwNNrQrPqmwmcVUP19rSbKeyjPe4U="}},"lPkfpsYAKq7EzgcBRaLexizogvFPwDjMw/xc90pekeE=":{"valueMac":{"type":"Buffer","data":"pyBqBPS07O8iK+A082P3B3DJmzOPxXSwrWsxXWojM5o="}},"lcpuMK67beoByh0B34hdtAah/nEoVKZTlGi4PY79b9w=":{"valueMac":{"type":"Buffer","data":"vcN/inomdRNQJXSwThstIwpV0BevNvbTGMZfDo/oFVU="}},"m9jDP6SmbgpTR/hL1O4COiSoxCLGlw1LPFh0wMZYY4s=":{"valueMac":{"type":"Buffer","data":"+JH+IC4GIlMt85z3B/v0rWww78J6r1ywrKonQ2nCvQc="}},"nlGr6/0ROLb6bRBjviH/6Cazq6F4xJYurSwygSYbbPs=":{"valueMac":{"type":"Buffer","data":"NgdZ0QmYdrS4HILX3tq3eoC7mJfuI9ShK8ZthgOBUXU="}},"n0z6ejQEOl9qHax97dZ/nDRJlusRhs2YVjTXVrPYpzQ=":{"valueMac":{"type":"Buffer","data":"njCOqc5a6kRBcQ7Vf0QLwFi3wBQ2I/u9waUbCb58SQc="}},"oRBjTB719G9q9OR7Gjws85PFrOD5X5c2v32CfcEa5UY=":{"valueMac":{"type":"Buffer","data":"UFoXTV+tqQapkUVhthB8ezRY4v8gQ7osGTNs0JvN04Y="}},"o/nnECZLEQlCHXeUag8lof1g4/9Jt4KSTJYn5dpByWY=":{"valueMac":{"type":"Buffer","data":"wjO1kD0KTivotWTEbtv7W9GL4GCeU3esV4yoNzI7ahY="}},"pcvmSj/ocOekarbbiDCUMq/cWRdIVdyKbpDq4/QSIwY=":{"valueMac":{"type":"Buffer","data":"BdBrsbk2g+2zBla74WeA+BXLfuf/017SeErj16+etaE="}},"rDsoYCHi3bl4Roo1e+4ymrfq/wry98Tx+yff5JRfN7A=":{"valueMac":{"type":"Buffer","data":"l5ulAEPVfWDUQ2qST7+p5aBvhjPcMnXqGrQnWDuI230="}},"snPVrzhSXSauLl2/yz11r7rZ0A40FoyKBEpWjYKY6Zc=":{"valueMac":{"type":"Buffer","data":"kdUEV8XdgTszSpgxXfQUgiCAXUCCsxZP64Y1+vUn+nI="}},"tJOm7YhCENvoRPOmXCy03UpSnfstyQ3lzBUpUZN0WJk=":{"valueMac":{"type":"Buffer","data":"3nvUC7qKC//aIXHv68tlRSaDb+9wDu+Y0DZ+IpDArc4="}},"tP79PzFeLebx1TLspbVZPOvwSw2LPvMadPCpz/zTooQ=":{"valueMac":{"type":"Buffer","data":"DAx8+YZOJKTAXm8JxgXA01w5qHyl+mRJpHnUtNH82vc="}},"tdlBR/ZTlZKbrBcIErABES4DiCKExeAEnIrvf0pUh/A=":{"valueMac":{"type":"Buffer","data":"nCbREad36jamwMUgXpELHDl+wXFi+rthM6w5d/SGcVo="}},"uEYLCRS+w0HstvhWUnDDnjX7CY7Oy5CzPZk1pSy0uJc=":{"valueMac":{"type":"Buffer","data":"gtm5b5/H87WAeKOeFqwPWrEhHEgwWng4MRTo88KMBT0="}},"uHn/EUtKxGCLbRj0epXyGFRKKRuzpgCG1Y56jWTYuM4=":{"valueMac":{"type":"Buffer","data":"qhSGFLPaPTXZkQA+ArsOA/UEtcdZoCeJ4uDVO69Yj7g="}},"ubTyXdPKCwpqWD2c9OLbCtGv2jmMxO7kCIXdJLInQO8=":{"valueMac":{"type":"Buffer","data":"fP1VAPWq6+jH7pRk4cInZodOO43gutaPLISwk2f7JMw="}},"udTOlnuxoElblc7kOqk/yPP8rpLVBk6BKO0lam94Whg=":{"valueMac":{"type":"Buffer","data":"mvj2ULSFuOGLJKJ2yAHhTgY3dFP/V/yOGRz8qWgkBCE="}},"vmD1C+OmwGKVCrBuObjh7fySbhY3TYYZhibDNC1h3mY=":{"valueMac":{"type":"Buffer","data":"/77c4fthy/0d+dCIqbaCJX+dAggy0euHBZgQkQ6/ahg="}},"wEZqxlmN2RpfV+KaQQN/7HYMphuGaeMXzsp3JgOYtrs=":{"valueMac":{"type":"Buffer","data":"ee6JHhm8f8l6GULcHVMZILiqHKMwp6+2ahr2GKBqTUY="}},"whSxmrOSQExxX6lZoldB82KTOq+94Cys8CziOIm+L50=":{"valueMac":{"type":"Buffer","data":"i3sTPvbzF799YSJ5V3yq7FLAsDFNkYmOP+MmAwwnsak="}},"why6VZ5ehkf/Nz3edM8CjlyjEMiCIQNGn54XZg7s80Y=":{"valueMac":{"type":"Buffer","data":"24P25HLdnm7WKUr08Ja4NixzsOsBOTGnexaPqRnErkg="}},"wzQgsu1ijpQt8W100jPReG3KXdlujI0PBdOIymjxRBg=":{"valueMac":{"type":"Buffer","data":"GoUoX6iPWbjaaX/Vfo2WDQg73i5NDeKs6E2zx8VkeoU="}},"wzUgzkysqPa7XGp59iHvcz983SRPFMs9g4vOTJ5ihMg=":{"valueMac":{"type":"Buffer","data":"mjPPet8bjY4N+/g2rsuLNr48hFgW26/FcbuYBHznjZg="}},"xUKCXP1VWW+9yyoBReIhDViDB5A+2/0xkk1XS0YD6Ac=":{"valueMac":{"type":"Buffer","data":"3j1CCLq5k4svRpaJqWdUKvA78HFNkeOTpNPSkHsE/iM="}},"xVABAfflWR1FKKbvLEpu+rzpjp0GC8Oi3wCgjJ8vXkA=":{"valueMac":{"type":"Buffer","data":"62W5WjG0ufacpySD+/AvPQAx+8DidvFWYBnGAVxrEBQ="}},"xYRts/zk3v2/5E1TSsZtLhpoVMYJdXen14THEDpZV8A=":{"valueMac":{"type":"Buffer","data":"K8NHHXjRAtxxxOr7bDDisjWjSUUdChsVCPJYyFLwlqs="}},"x7UkwBn3sQgEM/3UKZChiXuEmzcR7bbs3t3LygR2e4o=":{"valueMac":{"type":"Buffer","data":"0106aL+C/JUMZqvIcPrbxMc6Hwyk2Vpw6ilnKvW0GpI="}},"yJ/cnXXZ98vgZSPbkqG5TbZQsF9EF7mzAvOedB8eN+8=":{"valueMac":{"type":"Buffer","data":"YLb5AQEuId837kYtH34VEM1xq/aCfxCSbcUq8VWRVKU="}},"ymCUkX6BUl8HCaxd12jj0n5/np2mNBDjb3why1BDiwM=":{"valueMac":{"type":"Buffer","data":"UcAHG/zZHzeJUI8oU1J4QTbDyHppcpI/URYFktDjFso="}},"y7TEfZCkbp+zluUSOlBG8nr+J9secODSx71ZHwiAmDE=":{"valueMac":{"type":"Buffer","data":"4hmab11j2hLFJL8o8dkuWKU4nY4kvfLsKOLahHvDfg8="}},"zA6ZOVdqkp5UEyFksh158vTSq3HZKPaGhYrVC3PYj24=":{"valueMac":{"type":"Buffer","data":"9kY6Fx/Aq1XlAow8YWdfRd67Ynp10pHlFPKuS6gGcyU="}},"zU6/VVJtdHkRseAQ3uLt6etVDF2wlCjCQ9HTdXbDrEU=":{"valueMac":{"type":"Buffer","data":"pTSmYcYWyonEA3CprIyASQcwCGqh674tGeWQkVbfLtU="}},"zjLFhc+bwm7XRwuCzGucnldyq57H/K2vDdiKp4l8m90=":{"valueMac":{"type":"Buffer","data":"xQiVZ3dUhWFfSMSTDARDNH689WbN1sQQlMiShwnxzu4="}},"0DLWFKk7UBAdZD5WQzTx2nwTl7On9aikU7BMzYMDKbw=":{"valueMac":{"type":"Buffer","data":"76UOgZkhtyRNoLvtxvkN94U2f/FFS8uvCplAlUYTPPE="}},"0J+WW1jV2TRy812gRHFvoA8rmdVUX3WSTD4nKsLykjk=":{"valueMac":{"type":"Buffer","data":"iwQWIu+d6ZiIwqeWQtuiavRt60C+MbZnSSsdTzesdG4="}},"0aEXoC7kk+/OjAui1LcTAUv7Kx+SwO3Tf55Ic5Tew6o=":{"valueMac":{"type":"Buffer","data":"+f54uk6FuXWLEttVK4N1hf3VqbtETNxiY+p0KEv3igA="}},"05ju33wMzCGGXJ1iQV3dS8YppyzQ5OchkGVLNJ0iZQo=":{"valueMac":{"type":"Buffer","data":"mow+CemxHV3DnoZvPPfjRulEj/uMw4Y023jB/9QaS4I="}},"1AgI02DMPMvEIQmK2Qlceg3RtIYCBrBrtxnuWqASqnI=":{"valueMac":{"type":"Buffer","data":"n++ixCQTSKJmmiZtf6rCmYCe8BcQDhAw6a1Xbqp0rIY="}},"1BEv6886DWTp5TAxELoCKQGQZubNJnrGOMtOAnF561M=":{"valueMac":{"type":"Buffer","data":"etISmpsv2L6xB0K9fe7uxNJVXnm78gmJRtxBG5SIZGM="}},"1iiCZfSVDxO+so0jFxw2IZ8u7Syr+BkhYNAUJ1gNFv0=":{"valueMac":{"type":"Buffer","data":"O4I0Pk/8bHCJqVB62UHJC5pVRDdOHKqo/AEhIUTOXBg="}},"111muEpw1bWLKoqtcLSiGqQKYGMVfH31V2OZdAd2jf8=":{"valueMac":{"type":"Buffer","data":"vqX5IPIAp8qIT5e2GWrgWDGZCh05veUnCzW5td8wmdg="}},"2DioB1tFWiJgsrTc7YOmdK8CyeqQDo8P20x16glDRSo=":{"valueMac":{"type":"Buffer","data":"UnOE1yQyQ9Z1J4IC1hWW7mmiWJYZ3Km3HAHjA5U5rBI="}},"2RIEULsE6QGaEkA+x0R3IMRp1fVQx0RKuAKeZiy179o=":{"valueMac":{"type":"Buffer","data":"5kTGsqou71ebESKwc62mEtTEGt43ujRKC9aTg99ckmE="}},"2j5LuUfpavnvoLyAALza82I1Amm2NykXTw5U7YW989g=":{"valueMac":{"type":"Buffer","data":"oSKZPA9BVN7wLr3h7bcOuPUnW6HErQKVVx5lzW7fBA8="}},"4kU+KTDbKs0vSkDHib1SjQPNISvgY/LZiW0BN9p80zA=":{"valueMac":{"type":"Buffer","data":"m+8I+YjXHPUiXyQT9Jrq3ESYjzqyTGZAgkecrrBTKEk="}},"5NV2XNryUqFNd17ZSOF07hcr8uABJhkWyRTqiZsMlwU=":{"valueMac":{"type":"Buffer","data":"Klu2iUI66oQ+1TlLugjfu1h0p5c1VK4H2u5f3dEdE7k="}},"6aec7H85aRkyujXkecIKyeVBBkV4opfJ1XModknwfNA=":{"valueMac":{"type":"Buffer","data":"NLLgTtIfc/xElDVZfgrFEWoCCkUOzckdC5L5W34gK2Q="}},"6y+gDgFNMZ3ctBo2B2BDa2zffCMNweNQxgnUb6jvF0E=":{"valueMac":{"type":"Buffer","data":"v7Ew8TuItiVS6EhhjMfYcfxcD50DmpZIoTV72eBBU/8="}},"8A/ngUchAnTToBoiIFuK5ZwhVmQt42FUtQa2hojotuw=":{"valueMac":{"type":"Buffer","data":"xzpZXIu0pV7VKkmXQbjcKiaHXUIkHh/QqBcW06G66NQ="}},"8EQg+KPrALPO6I5MzLuQSTuL7uBpTuKuc+1/mnxIfKM=":{"valueMac":{"type":"Buffer","data":"9DhY0d1efhDttH8F50bgbEBj/tWmoMmRlRSS20qMqEk="}},"8e3N6HGoGIGyozYfkmuHHEaoJxvhMe8UmcmT/PPrZyU=":{"valueMac":{"type":"Buffer","data":"ICj0mkFTBjuytrhZdItZPq1Sl1AH62wy0D3eZ6QoDxE="}},"8z05ifoM4fj677h8oKxCQdviX3tkUz43de/wDCdPLPs=":{"valueMac":{"type":"Buffer","data":"n2pSQ7qy5AVKO0D4EdBp0EDGo26RWz5NZ51OhN0FLcg="}},"8+GKiLU8xG6NCwF2A6UVyq+iAhcOhWpGvdj8AqWDG/E=":{"valueMac":{"type":"Buffer","data":"DQfPG0RW/P1tiYWZBRB7rwRL8h+ExS2Td9lsxB9PPBU="}},"9KdEMPvAUKAcX4KNsMjPSprrSoPBRD8EYu6azUtfz2k=":{"valueMac":{"type":"Buffer","data":"mUQtmT8vHNDyxPscio594Vuwy92RFU/G2eNJreJUFLg="}},"9M/zOw1LVukMgNSkM37MELRqtyr56jr8s4Wvkt6wDvU=":{"valueMac":{"type":"Buffer","data":"GWzHgFAWPNG23bTGBmz+d2U21PCZSyVbpbDIp12o++k="}},"apliK8xgypYMxYYrvY/7/Aak40l07t73yxcvejvghuk=":{"valueMac":{"type":"Buffer","data":"6v75CZwcE4UBVS0lDDQcHI+1p0FGFnRnQTyI630FnH4="}},"Lc4SLT+3reEjk+fcK3MEVlJhci5Jg+4VtWNsdMAYbv0=":{"valueMac":{"type":"Buffer","data":"KX599p9b5rA9yMbgfIxE8beCZQFvG9/GE/NWvAGFPPM="}},"p08c+EwGi+i3e5AYwG5YUGZ+1sC/9T31Cz9SKfMJ39U=":{"valueMac":{"type":"Buffer","data":"V+csBjC90eOz7L8vcfJRLt1VQCoeULObV+G+PWDH4Mg="}},"NDXboIuMVPvXxIzEwgl4RqBSKRa8b7D/ZNI5PWRuYHY=":{"valueMac":{"type":"Buffer","data":"8Upz5UuJGokyYC7smRJXFzTpkZxFYi5Tv0UuS7E8U0g="}},"0LuEip6Bug71hfco/yy4rC9BaEYrRW4zzDi7duBKe78=":{"valueMac":{"type":"Buffer","data":"0H2r3jQxM01khwIRChTYfzXNkPksDxGEs0MkMhz8om8="}},"JmLy6tZOHVG/3832SiXGcA9+s7PvwDE1qd079qEJMgs=":{"valueMac":{"type":"Buffer","data":"sBSrybGHFr+0MK4/Q/HmDH4ikR/2/W7NSH+EOUkn0ec="}},"KFKsF7YlbkUHk7QbPFtJzL5Y6SYdNYsfPoZLeGIMQQA=":{"valueMac":{"type":"Buffer","data":"FrEdk/+k8fTRr1yoR0LMreNjgjulpre+coZxFH7wqMI="}},"r1dE/pEVej2yyCP37LOeYsVbOa2uYWOu55ia4bGEMps=":{"valueMac":{"type":"Buffer","data":"YtkMqDcsc01dgzv60gv2StoeIvaXQ80RBQgcHBb35NU="}},"KmRUGXSw4/JltTwhQSJQakV/zcuLVo2qBV7MTVcrDU8=":{"valueMac":{"type":"Buffer","data":"ghjxJRzX07bIfFIzI8RvI0UxKGZO0e17i185+kDz1XE="}},"Bho19iBga+bYX/MpsaVxVOOOA9BybijtIyHUJ/2IWIE=":{"valueMac":{"type":"Buffer","data":"IGBxqU5NNWUEPZ5Fg9v749DTR3W2JEosphGvaBbovIw="}},"zIEA754WT4GQcqf3VnlpiXZjmihv4Vo3ZTpAioRlUlA=":{"valueMac":{"type":"Buffer","data":"Tz063+h72amZevsNRRggQGB6srQq3D/heNBFRNHFe7Q="}},"QHr+9u2P9Gfe653tzexXldzpfHOdQddPS5lu+JOy/Ac=":{"valueMac":{"type":"Buffer","data":"SqWnbUDhHqOq8p2hV9n31YGquHyBchOYHkWm4G/ZyL4="}},"ADFKopRd0e9eu/saKiTAOEmsqmArJmNjbV8xHTrxTNs=":{"valueMac":{"type":"Buffer","data":"7TFh7nVEOdjHVx1vsOx+Q6u18W3kIJAgnkeZoXN/oyQ="}},"atuygF7BNsRlt5JOnaKDaWO+bAFZQYbeBtVAd/uY9qo=":{"valueMac":{"type":"Buffer","data":"NsmUjolVGAliFBwKOnpyG6CqO+dcej7Cq7O5qoLX73Y="}},"he0CqZmatdhA2lCcS5PCjzFBTIMdxU245SYvq86HizA=":{"valueMac":{"type":"Buffer","data":"K4SJaSLyNSyil1WWo7AdL3EH/O+S6/krGSlljm3zU6Y="}}}}