{"version":7,"hash":{"type":"Buffer","data":"kaXtGkMPP/dDAPZdXOQFkNxyoQ6iz+98ZWOmdMJDN61rUgOCw06B2DE3jceyj//cqNPh5PcSu1oLMnX8QDejkqikr4gbOxudimRu9EoznEek8QCvFCOA+6XzQk04lpCF5ndKwUCl33/7D8zOc1Q9il7DgM/CXRqBl6m/JWSDu30="},"indexValueMap":{"EKg9kbR9OREuDWqO2LDfQiN1kudlD9mgF1uRLPaMHFQ=":{"valueMac":{"type":"Buffer","data":"9PVCrAZXibOnu1JdAUx3KXATlYY9txdp1x20V9hfHH4="}},"Na7oOGPlzdLznnoTKBXXu0JiAXAg4xhB3tXeyUFUPdM=":{"valueMac":{"type":"Buffer","data":"GKr9oxr0tOu6TNBLf9Mif1F7QgO8e/xEKHSra4Csy00="}},"QBnDCCdW3UiDFl8gVrPbXZhxZUlWFpPDPc4ke2Uj38U=":{"valueMac":{"type":"Buffer","data":"vZvt8X/0vZsQ3nO5WhjZdH7u8+Lt22NJrPYfskzvDrM="}},"2pJado5KNeh04lbVb3sxrlcYZ+GvEmUazV/9k7Wwv9k=":{"valueMac":{"type":"Buffer","data":"XZQPdLGKuxiVIxgZH0rph33faiX+s5a6yMIufYZ+XgU="}},"dkUm1Rp7WAU1v+DrjMf0EKDfxWigMWoPbHncKfF4fuc=":{"valueMac":{"type":"Buffer","data":"BBZoZnAebcSr9cgDO0H+gF7HWFMC+tMy3vy5+U3tY/g="}},"2PlGldTCKskhZxIUpoLjy5prDF0vaZd/catnpBroBsQ=":{"valueMac":{"type":"Buffer","data":"uYDNTP2TOG3/9umFJl+wB8DXKwRDs25xNUMaJam5/yU="}},"qFpwVASlr28Kg4q8caUoA2D2Hm/NjETQDV+XoXmS/aY=":{"valueMac":{"type":"Buffer","data":"Z4hDQoxPnGYRlYA2M6chKW5EOJyzgeZiBaKqZbZTR1Y="}},"CSmQhPLhem4k5/pdj7DUIg4HbYbhWYg2ctxH3ef9qO8=":{"valueMac":{"type":"Buffer","data":"sUMtcoimm9kEx63453A+u1H5dsF8T3l9dvY7DqtEais="}},"l3sKTVMPulIgEOM6fmCE+imDvuQ7JPlAtrO1LEG2UeM=":{"valueMac":{"type":"Buffer","data":"ibwOumBK2fuxReocZNz/CaTQst50i4p+35MUleNPq4g="}},"z3XtJ4rSgUnS8V7Qd2M4ICdIODhSX4z4M2uxJXbudj4=":{"valueMac":{"type":"Buffer","data":"jcWv/FI2vWniO/G/xsOKHOibvhCL8xkS1RIBUr9FhmI="}},"Hjqavs19nbrTPens+tOrIxeEHMOB33JbXaugwvG1bKA=":{"valueMac":{"type":"Buffer","data":"0y5Vo+N8iYrIw85Gn6Vtm8uKzh2C8YRBsh4FGlc/tpY="}},"PR+yDo/rz+nYSbdJ7J0tB7vJ0yXXfxv4ZJX0G8iY1Sw=":{"valueMac":{"type":"Buffer","data":"6UVM8a+wZLOyktBNjcKeLf1UDpdDSkmnBhjO7jlta7Q="}},"oqgXX1d0Mb2ORS6CrZuUCnkiC+vx0gflcCSrZsm6Fmg=":{"valueMac":{"type":"Buffer","data":"QVdmN/5AsXICyaNgR7jSD9gLeb+7B9WSQBdQpO8o4z0="}},"qBnZVHbmsp897nsRxOPUxiAC3MWCJ1vwuzVWB8eDdww=":{"valueMac":{"type":"Buffer","data":"p9MZhZAvgd2xsh8GKGVnobVgUIMSjrJ1uW4CusrA84Y="}},"G607VAJb8bZX/rOITVxdhc+izh7auVQuhrD7RKnVP0E=":{"valueMac":{"type":"Buffer","data":"3rin2BuSJTpd0LlkxcTHm4CKKs5caO3qe/QYH0ILTbY="}},"mcXCTiLlkZTbaz6BJSzVAXzasp5FLYhZco4dG6CYpQk=":{"valueMac":{"type":"Buffer","data":"elDbJnniGfd/1aMPCpv2YuhFIDUPEVVGlj9xYhNihHc="}},"4/g+f1QVluK7fMCtLJiut2kp+SfLO4ku/250ONeXsdM=":{"valueMac":{"type":"Buffer","data":"f0k+Ztv4FpWs+ogT76ydCph5tH0lrH1RtHsRu5Bgixs="}},"hXLWAJ7WufkKBZN4SmnMZOgIlj8QEf1aNN93QSNd9Nc=":{"valueMac":{"type":"Buffer","data":"w2ByFoOxDeZ8cUNZnhmJaKQ7o7S7bwWENcCzkWoI/m8="}},"v0S0HkZjGmt5faB5RJcVyFO79If6G6V8HnO6KbJnsy0=":{"valueMac":{"type":"Buffer","data":"5hYfzAdXr92YWVPnrrvDi/pMYNflj4L+N2RigpPxJkM="}},"NTc5neadncrH38sYAqRSxNPZfcVLY7MyrmVv+t6HSjQ=":{"valueMac":{"type":"Buffer","data":"LfwamJ4fwTeK5JnRQvIOoRlLsOFARznkiePnd8XHZS8="}},"4GBoL6H8MRZSQ0+wH48gR3d8U+G/EV9GqPpV5y1s5G8=":{"valueMac":{"type":"Buffer","data":"Wem2tfby0Q+2cxrJBfcTqrqtXefBgNG85Oro4cLMF3Y="}},"gxqcKGpeLu9q4kOQ9U+zFyVX/ZAx6XIABG52xttpeGg=":{"valueMac":{"type":"Buffer","data":"+JFdBW7kaUKg09ZVbaUapl/m4oPKMs5GXLYa4HkGxQI="}},"senJIvGrhJy0WZYJUAzVeOH0jzGo5kKZRunam/Yt78s=":{"valueMac":{"type":"Buffer","data":"5TEW60c2UHL7Jsvii60SgA06abdgnbRBWFTVhSTz+IU="}},"L6XaFR6m76quQcqAoNkipazU2Q+r+nfs8DiKMx2W4wc=":{"valueMac":{"type":"Buffer","data":"M5sCz4ZMtmKHNmRxz1ieDqxImUNVE2wqIIviOkCQ23c="}},"AY1WRON5FFGFlFEN+o7P1h6y39LoGv8CCERrX9F+kI4=":{"valueMac":{"type":"Buffer","data":"Z8Ss13vBWc56Zx5WvUAyG6F3jiXAaFhGBJEC9t9dtzU="}},"asyYU2EaYUsC7p9Q8n/325ZCNCLVFHfGpL5bFHkgz/4=":{"valueMac":{"type":"Buffer","data":"Om3fbQD3wDIP0HUmrMJDLYLwEFhVMv9Oh5vdV3kJHl4="}},"tPU9hQWjAB8YvDJpN7DVOtRBWR0HhonvUZhaoyWvXOs=":{"valueMac":{"type":"Buffer","data":"hx4wDQSpbXwkJWVRo7w/WVkLlSb1MbD4ZcnTUNifp4s="}},"7FDGsiE34arlNb6SPnzBQUps8HV0XHznTt2DxmB6ho0=":{"valueMac":{"type":"Buffer","data":"CDIMfPAJt3KKlZghtqUzxYG7n9LEdacerUdUR7zRvvc="}},"rRlkfh0YyhFsC0v3d4Q6s6nJObXt1qXbXi+kyTizaVM=":{"valueMac":{"type":"Buffer","data":"znvFmJmBrZfW5ERw5Y+GCW3XHx1w6au3E/QvNggFsQ8="}},"L8MFz8JsZjMoDIiPid6zAljllQVfM4mvS/M0OwCtOSo=":{"valueMac":{"type":"Buffer","data":"zHnwn0mmI/hjBYHl3WgHqb9rNiR85prZcD/Xtcyv3F4="}},"j9VhfsE+m50YmQ/JxYDrAageNwOa6rIPlCZHWihtk2c=":{"valueMac":{"type":"Buffer","data":"DQQVD7qHvPZpzauWl3ht4h50Ar/3r32UJ45A/NdiuBM="}},"KzywSqJZn43DifSs2lzfuaCErZ8Yei9SZro9+xVEFUA=":{"valueMac":{"type":"Buffer","data":"2W0c0SCQOoXCDEV//I28hBNaeO8XAiNneIjfUczdFxo="}},"fBzQJYKNLTw3Vq87y0yHwjdx5og+HUbRmYaSXzx3LBA=":{"valueMac":{"type":"Buffer","data":"d/R8yvBqjss99x3qyZ/jt50/BkiS1mrL6mVCfoWiLD0="}},"v2w+jcgpiYBRCviP6kimLkzwVJJPLx/pKKxETi1NrgU=":{"valueMac":{"type":"Buffer","data":"RuZWGLav6j0LqAN9CVC8zGibMQ84Z/Pttjv3OJA26x0="}},"176lw+PwBtiZGB4cd9FiYP/MlWPkCVidL7WrVmRkowU=":{"valueMac":{"type":"Buffer","data":"4OiR41cAwZStnvubxstT2yYGx9+/EU4Fq24VoyfshMg="}},"0DJcseIoAos2qNMtINBmNvr7hKAPlPGUPdhJI1lBwsw=":{"valueMac":{"type":"Buffer","data":"Aqhz8et/0VqwiJoLPQiCSWrAIV1eX7CN4L9NpSdlcKY="}},"CKiCaroYbGx9+F3vVvdS4OfUbrXLrk1qbni18sjPUAk=":{"valueMac":{"type":"Buffer","data":"4qDbvfr9bTPq6O4tMR+YBr8gHVrISWLx8oOpJU4CAus="}},"outEv1C/2iwbXQKGmFg4PBYkgxvpNneR5uqbtRlYTRk=":{"valueMac":{"type":"Buffer","data":"0TToPBxSYrxuM3Iu+dtVGYVpJDjwkZHkmWyJSj/UYbY="}},"wOkkWSnsVrNCLzFYoEqolwwDxKSUObsExhI3qhXjfwc=":{"valueMac":{"type":"Buffer","data":"fATnJqvX2M8FMV2r1QjM/YJr3SgxJ2L9dqIncrRhK8g="}},"E3MXvPT9/PQesztjeQOlgXQ+9gMoBK01BjCWjQsk1k8=":{"valueMac":{"type":"Buffer","data":"TZu3YaxBN1b15ILqVd4unBQRsC1ChpzQbGHCC2+oOy8="}},"QdboK0ZL586QDbklqtdT8BCCFXA7K29/0nOMxihmlIw=":{"valueMac":{"type":"Buffer","data":"zfQxVIlgYqDoXwd0lxjnWCh5CDDyV46tg8kQ66uSB1Y="}},"82rKAFODvJ9pjA7+0KxPHjXKbImIns//P4Lib9r+h0g=":{"valueMac":{"type":"Buffer","data":"30Nvdr7Q/s0Ol+7fqwzF0rjHNBpK9KkMb2AN3S1BfEU="}},"SeeBHu+vbCIqQfvWpg1oaBYoDSkW+LmWgCaUL97PH6I=":{"valueMac":{"type":"Buffer","data":"dhSTXeClJSkoEPzF/Ttf5Wug1I1sRrfLG6hjFphUSyc="}},"5r5JILsbgjH4JaEbvHc+jnEF5yrwG8SRpvf6Z7KEoKU=":{"valueMac":{"type":"Buffer","data":"fv0UNVPhkQ/ZDH8lH1eq1Ycoxk+WrJh8+RPGWwZRXoo="}},"ABjMKbCN1ETfhjv5ALYV8aggH/1s6oIr95PRGA3vMaU=":{"valueMac":{"type":"Buffer","data":"Tb8hdN2avx+1nJ2RkCMHQ8+X8SoWmgx6liNdaQ0Xzmw="}},"0+1neM2qrPeGNbQfV9h0kNUxgm4larQQcSZ11U3nDvI=":{"valueMac":{"type":"Buffer","data":"LLJFssmhCO2CvZ5Maro2n2HHNuTnY6SZD3AtY1YT4zQ="}},"Dvlp2IyHdPtaM1rt4BTfEQh5zZbXYAnelJp/4q0Rdk8=":{"valueMac":{"type":"Buffer","data":"CobabL/QmdMhEkRd7p2VNHmkIFDipQ7grewAqzWP67I="}},"gBu9y8go/1yl9IsJMDwoRZwuMqId0pQ9Iv4DdX56570=":{"valueMac":{"type":"Buffer","data":"F7bFpqdWGmUW6VkKET/5d4lKK+HKwI4ZglwwJHDZ0uU="}},"o32gLYTGwNpwoOxT6zHjL7zdpk5+wyxfPu/OcobwXjM=":{"valueMac":{"type":"Buffer","data":"wwSp7C9Yct3EeD8QZ35yim7tlWs+LH3oDl1WBdelT3c="}},"LBqpuHwzV3k3kEOHaVrlsg7hMNVODGQ+/WCyNDY7bUk=":{"valueMac":{"type":"Buffer","data":"RZwIwOV8u93LOu3KJzEvngmlnyQXSqo/+LTE7rHyBUo="}},"gHP6Mlf+/k4vPxH1/AKaFgG7m7xHWe5tCa/MP8v6AY8=":{"valueMac":{"type":"Buffer","data":"5IUT8pJxVLSPxeeLg2ONliXfesXBmzyLGNARHu8VEto="}},"vqGUJUjAnpWM1fnMswAg94qahso1vZdxuqfWWAqdGNs=":{"valueMac":{"type":"Buffer","data":"5dTX0pegR53OK979QhY8kNjHCBgsg/J7Rinn81bnK0M="}},"krzRWeXyAa6dAlVMduvcax0EffHLcc9Ai51/GEFcmoQ=":{"valueMac":{"type":"Buffer","data":"ZEfmWG3B1S1M185OzQY92ofCVxsIuNVuDqg7G21JoXU="}},"Pr4rssktxtQP7NoV9eOsG4eNzzcUQ7wsYsEXBGGgo3s=":{"valueMac":{"type":"Buffer","data":"sD1Y71AGF15gxXjd/XnQi5NW7w3FhYvu6wdqg5gb2WY="}},"PBrH0/xCK9YZy2o4j62J1dlEEOdzOD5e2a2tfATyuPA=":{"valueMac":{"type":"Buffer","data":"bpPhdFWe/G8NsPRu8qA3uvIEMzF6omMGdbJjxt2AFag="}},"69uImbpO/6p1OLxJV9SpqBZGH99e+EqXRnvYXGzh9tw=":{"valueMac":{"type":"Buffer","data":"ExUK4Yzl8TI5gFd/3wAfde4EQ3p7l1MRfM9r2REmxFA="}},"xbFfTltr2ekxWuEF4B8YMII6nunnPQLWrYcmZA0z99Q=":{"valueMac":{"type":"Buffer","data":"JjWD+HFG+pje6Hsi6/p7oktztTdEfd4AZ0YIxjS7WPw="}},"G5hpWp3AAnW+IP5k+KHUZDHQLGD7E2+9rc+9disijNA=":{"valueMac":{"type":"Buffer","data":"AVa5SAN95CAvrm4WIwGb+8D3656IvXRAiAw9T06Zclc="}},"dK2LXYhJ8Si59VCKaVwi+E1zAdU34hwSMxMuTlIV1o4=":{"valueMac":{"type":"Buffer","data":"fCb+87rDVMAwrOs4VGsQtX0Aj/ccfd75tEAufXByfRg="}},"J6k87gCbsYrW0WruyaTWG0g4wl9iuxvkoy/NII4gciE=":{"valueMac":{"type":"Buffer","data":"cJ0ra8dNmBWtBCG/U9nhiAa1o0mMc588fs2zMW5AxPg="}},"Gag+dkiHG+e1bGKR0Q90lf9fkCO4MhBTcqxLevLdlIs=":{"valueMac":{"type":"Buffer","data":"70Pb4dhe0RUa8WWflT1Xf5XcQgZuEs8OGWAT56AT4CQ="}},"O9EKPsqtZcA3JUcFd17fp6bvdqN0/Vwe03OIoPrBb+8=":{"valueMac":{"type":"Buffer","data":"wvW6N+zVXgoaVZTGd9aJRxlFT+qYBM4PU7WmQZW7Y6U="}},"Dj5D6SgFP4GZrSEN1Vey/Eex5hu1Q58/5Ui6LZCoYkM=":{"valueMac":{"type":"Buffer","data":"l48Fqxfsq9E+vnNxy2dTXIh3nl4MVnbAfa+dvgBVIpc="}},"pSefx295UkC+CpoScD9VbqnXoNdI6EvxeDZfBod2Pws=":{"valueMac":{"type":"Buffer","data":"1eU3QmCGrPE7lk38UYJtJ7PpIlJvywEquOMWSLsSbWM="}},"yxlMdgrY2YSZ/kQn36e8b1n2yuG6lWX1WhlMBfMgrDQ=":{"valueMac":{"type":"Buffer","data":"rOD0TEHS59cqNAUYB8lvJVDR4DcsTYCwBd+7Ec8rXPY="}},"WSzDlbjbVm1rjTacZn657jNnx5aokXwbQM26G5lt2KI=":{"valueMac":{"type":"Buffer","data":"eiEM38zmNmiXVHHAYmC09ls4bUXBXjA4k+7dqUhu85k="}},"yVTRMrP/rBNK0YV/XTYwvJZm3NJP6K9k2dkEuwiWy+s=":{"valueMac":{"type":"Buffer","data":"rnxNjj/OJLiYkOhYhH8+59zdrto2WMgxs6/1bQC5MSU="}},"P9MXTFKQPzKswt5A0E/Z4BFv13kvyfybwR8vHmumE1k=":{"valueMac":{"type":"Buffer","data":"PxvLJx3jYkn2loY1l47GiRLFppXwFjc2IdczZ0qiHAw="}},"TAB0x5LFHZ730lv97cNGQcdtM1SCt40lfqbJrIZ87GE=":{"valueMac":{"type":"Buffer","data":"r613tLqYHwaG07Jvxn4WeCYrq+SnT+NbK9b08I3nk0w="}},"+CMRRCDKSjKNzagZO0haBUSjINMLxJ+CweX9o+kaWzg=":{"valueMac":{"type":"Buffer","data":"sj3HNNvRgbZ0E/HqV8+tKZKg6uB3hQiSpor/B3UMMHQ="}},"bp5HOX6WZ1G+7nT7yTBXyNbS56oqOaJBn/7KqbEsylc=":{"valueMac":{"type":"Buffer","data":"6UZeGVIRxPZEzOJWoXHs/bTyvHhFLf3L8ZFXC7EzCw4="}},"tQB1Cp2haE4k9fg5fhI+wRuoKHu6S2dRZC+LQEIjK8U=":{"valueMac":{"type":"Buffer","data":"OWAOrcH7NzOnXfCvc2LjnSeqMzT8k8vD69miNtFtsqE="}},"LGmZmQv69fmkU0W1uUCWHkYH/IddxGTXrzRBVpF7J5A=":{"valueMac":{"type":"Buffer","data":"ri0k3YwETuZJsneLku3YCvTe0zJLFFvF5xvPrV5GMao="}},"ENSloOYG2jDbcDdgWKqgeYsQRCxECboShVlXf71OUy4=":{"valueMac":{"type":"Buffer","data":"9Jo/79KHXMN1pE+UhG8V1c9f5jJ1tZnc1ItAPfh4uJg="}},"qGlwY3BknhW70fiqEwHGbFDaVyMZSG2+kt8QfwqvDGw=":{"valueMac":{"type":"Buffer","data":"2vygDupnQZAhDZhCJq2tHtWC3TrnCIaea6S/J3AIzq0="}},"kiF0SiqsFS53vxPBOJ3xElwxspTeoLcz8AmissId8Ss=":{"valueMac":{"type":"Buffer","data":"Whuz+3F9I+cikFLg7KNpK1FY2Cm7L1t6dwYbtqee13A="}},"HuEdPO3a/HgOBj6GmLJyjcQYDxlz2BpzjO6tXZWDoAE=":{"valueMac":{"type":"Buffer","data":"Jdl2ZP6NFSsrZxz18pX/IOy1nVumIF+/mA95Ue7uBmE="}},"cqzbKs23sLcMBpdh7JJPDSNvQIUcLhsJgvykhFPZ2eU=":{"valueMac":{"type":"Buffer","data":"Bh5cdaSB70O+TY8Bjey87Tzj0FlCMZjx0cotVIiuv/o="}},"vDcDpIBnb6bEzPZMLei/1ihhfKnzWSs49NLvxk1HGRY=":{"valueMac":{"type":"Buffer","data":"MqrcFHdvA6LjpfmNF1d5Ljekk1wvuuUwfaD6p87qhiw="}},"OekvIBfFx8XazrpF2aDr47ZomDwREMnPETBwZ62fqTs=":{"valueMac":{"type":"Buffer","data":"1DcekWdsFFjIFu8xZcQdGECjpQ+xOENi4zryPprNjEE="}},"qGAWOBORHv0tRqW/lW2XAYWbRSCTUIX+Iq8tyR6z0HU=":{"valueMac":{"type":"Buffer","data":"NQtXsR1ool5+QzEwHZMXK5RQgLlBFfak9ifg25sFqho="}},"m/HKFCXbSWa/40Mx6FL91eBkRWaE1XOS3RXkQQTMnjA=":{"valueMac":{"type":"Buffer","data":"LKIRxml5dKQ8FuutZPTSh80OSs1bmRzQ7LrY0fkpraU="}},"yXGDnREbVsB0a3dqDEjnaV+ZJIPVZk4gzpFDVAfxcU4=":{"valueMac":{"type":"Buffer","data":"dyN0OfU8RWmARVjveh4NseMbFOZvy+fdxXzfiafmKLg="}},"+sYLUbQN/lWdiIA+yfcJEuTYfSr174R0FuYoV5t367E=":{"valueMac":{"type":"Buffer","data":"U+fW+3Dw9OCfBIaSYUnJskRwQQBXbGowhrfYBgiOB60="}},"ZKayN+0N2E5C/2AlaX6DhhLSIjsmsj6d9Qd+4AWQn0s=":{"valueMac":{"type":"Buffer","data":"U3/5tB9ZGW9Y3v/ehzgUWezbl5C/WuKPj9gXM0uNK+Y="}},"/0sMNTuNWBWUhv29a8plgfRTVI28r2oalO4UGaka8iA=":{"valueMac":{"type":"Buffer","data":"ardcKugqgwp6oYo8Z+6oWeYQRLdyvdA3rOUxJrPmYgM="}},"W0CqAMFwJn1dh7GOEy50P1CdTYWABvBf7D414IbOMgY=":{"valueMac":{"type":"Buffer","data":"BoDc2iFhuwEvGAb5O43NompxZ4+df98+3MHPF4U8YM4="}},"CRW7BrVjSp4Aoht0ya/+5zxipxS2ENkdY4yetdkj8UU=":{"valueMac":{"type":"Buffer","data":"cff64le7EITlTYjuhyCD88bwbmYOE9pKnQyoLH2OjGA="}},"hByiRMP6nD1WX3FCkOXjwFtgs1JjXdNl9KxURjFnuys=":{"valueMac":{"type":"Buffer","data":"wisMD45cUDpF8ClPI4V0C7G9cjDrFqWGZpwT1ZsMNVE="}},"h3gaEFyCHQvvgEgsPAwfm5uRhahwwW8qTYoLfBIqNWs=":{"valueMac":{"type":"Buffer","data":"rPrpRB/F/vAzm6z9Fr/wG8rfYX/cFt80HoTRDERflGw="}},"2ikwlZGIpKGj0Du/EeYlRMxGpZZTFgmE3O0fFSLr16U=":{"valueMac":{"type":"Buffer","data":"yO1hJkwZBUg60P5hgXHzefJx4YoB3ClZNMk3QciKQ0w="}},"62U5RwZ86iZzTY3uTXzJhmzSoW8ggUCp/XyezhlnGts=":{"valueMac":{"type":"Buffer","data":"O9KRUc0V5gObFr0m/MksXX3vpvqkRqIt5XRHd2ANavA="}},"JkznH42DDCcmeTjiQcIW1aS3GNf3p/z1t8GIFxjokqk=":{"valueMac":{"type":"Buffer","data":"d1mFfBeISwQpyR+RtTGZ2dXrB+UUqLEbzhfo2BBtAdA="}},"Ggn42EO9NOTP626GAlULwDi1mTWQ54h3HQ//V9al58M=":{"valueMac":{"type":"Buffer","data":"Z5IVYkP9ekM4c3AbwO+bl18q53lmO+Ru2grlHCxnA/s="}},"Mxq68Rx+5IOsU+fmcinYPnL0pdzCCLjRSVD0mf+gyIw=":{"valueMac":{"type":"Buffer","data":"3bM5sPR1EedpnRcwklIMS6OVwYtLX+6QKPL5xMbXens="}},"WTbHMIugy2klILJAl2kCsA6A52sTtMp7qPBaTiOYPDk=":{"valueMac":{"type":"Buffer","data":"Ze6cHCjtixlfzx9XMWzB8TRMUfY3sW8Sf61kTa7BZSU="}},"6mqL/r0OksL/5ky3BHG7cdwDFUGqWEVfq4yNddu+d0I=":{"valueMac":{"type":"Buffer","data":"yLQxcoeQRvX/SChIUjIGI2EBfStRuXBomIw8ctZ595s="}},"CH8bTvtSssu5e/NMly8+k0w3aGjkS06a5+fbUxhreaY=":{"valueMac":{"type":"Buffer","data":"qXXtByJRqzIjDBM/fmSGNkz6XLfjaSOxLVe3D4PldYw="}},"5sWIa/WLiN19Ord69yCzU8qJ7WaBJ8reCCNj9qRrURY=":{"valueMac":{"type":"Buffer","data":"E90/OQ5ehtpVjO1LUCmnU0Qfl6DnhfwSlXnLR4y67fQ="}},"Mr7OFw0gewXxgveYdixgdsEDcqt2z3O4sXIISHg31D8=":{"valueMac":{"type":"Buffer","data":"zhMiKRggTKkLx5iJh0V+5Qu+As7cfKQAd/s0lpH6SR4="}}}}