{"noiseKey":{"private":{"type":"Buffer","data":"aP4+ujzv9SfzEzV9yJVyMQyxV6YvIK9kPbBUI06cEmk="},"public":{"type":"Buffer","data":"SKtqMofa7RIPgxqq88ntRdMr+Y/fRDCgOS4/cPfW0io="}},"pairingEphemeralKeyPair":{"private":{"type":"Buffer","data":"WHkP35ZinjgPiIQnUhxeIpv+vIhr/t3OX2jZLi/A4lQ="},"public":{"type":"Buffer","data":"OxbFXawRQuuElky6rF7hoWvSxsMI9rrdl3E+N2aMFXc="}},"signedIdentityKey":{"private":{"type":"Buffer","data":"aC72QEOiPsiEJFJQ9sGhDFky9D5SBmWTMWDT57FvHmU="},"public":{"type":"Buffer","data":"prUp9Br8Wna1LDRkiOAhoDC8uCZH9lL5zIKKOp2IRUE="}},"signedPreKey":{"keyPair":{"private":{"type":"Buffer","data":"yLwYppjKhWFxLVuGD+0J59Nl4w3faiRA6OoH1AQJQXQ="},"public":{"type":"Buffer","data":"EE1sQjaabucJcUGBgM7ZtFENMHYq7186YGQoZEFAgk0="}},"signature":{"type":"Buffer","data":"HbWoNsceGvr2c9GfAIPfIzpp/0nXDotwPzp7Hz2KOBUPjarheJ8Ebhs2Mfpb0h876ld6ETDZjRlrvt/jFdU4Bw=="},"keyId":1},"registrationId":224,"advSecretKey":"6bwrwfjWXBbHYv8EP2OQpNmhvm1f/GURFfaKfEh7vrk=","processedHistoryMessages":[{"key":{"remoteJid":"6283863552188@s.whatsapp.net","fromMe":true,"id":"6EE6D94AF1833CC9B57C0230CC0091BB"},"messageTimestamp":1719276572},{"key":{"remoteJid":"6283863552188@s.whatsapp.net","fromMe":true,"id":"AAE883D1E5316310B5AD094EBABE9C8A"},"messageTimestamp":1719276577},{"key":{"remoteJid":"6283863552188@s.whatsapp.net","fromMe":true,"id":"94F68F8C73B64D7E6E71AA8C1D74957E"},"messageTimestamp":1719276689},{"key":{"remoteJid":"6283863552188@s.whatsapp.net","fromMe":true,"id":"4BCB523383653CAB548B165960E5C0D8"},"messageTimestamp":1719276696}],"nextPreKeyId":61,"firstUnuploadedPreKeyId":61,"accountSyncCounter":1,"accountSettings":{"unarchiveChats":false},"deviceId":"k6-J-UycRWC5o8htKaOTug","phoneId":"5fb36f0d-1e93-4fa2-ab16-c3cd3a260cf4","identityId":{"type":"Buffer","data":"D+irajkGurn9kPrPsY7cQRIhrow="},"registered":false,"backupToken":{"type":"Buffer","data":"FrCxwobn/5dJ1DHR/BlZwhXt3hQ="},"registration":{},"account":{"details":"CLeBp4MCEJCo6LMGGAEgACgA","accountSignatureKey":"EzPZSVmMoDC9/RqbiZG4pXKoqceB5uKnqEhq0ZGDGko=","accountSignature":"ksW9yALps6sWcj/SJo1wNZB4FgrGUy5+5q8n9+LMWI6E26gmRPyJNJWdQXUXt/pQiZvWzUu+e7ecdaQ1286BDQ==","deviceSignature":"QnGRJMxJv1UyixgDsczOuEm2xErK7TedwYjrdAIpuOK3tTeEc8Q0S8dV8Ze5pkKjNEsygWHC5+9MrBspzsWuDg=="},"me":{"id":"6283863552188:3@s.whatsapp.net","lid":"104642801311878:3@lid","name":"Glitch"},"signalIdentities":[{"identifier":{"name":"6283863552188:3@s.whatsapp.net","deviceId":0},"identifierKey":{"type":"Buffer","data":"BRMz2UlZjKAwvf0am4mRuKVyqKnHgebip6hIatGRgxpK"}}],"platform":"android","routingInfo":{"type":"Buffer","data":"CAIIDA=="},"lastAccountSyncTimestamp":1719276574,"myAppStateKeyId":"AAAAAMnP","lastPropHash":"2RutN0"}