{"_sessions":{"BSkFjejF2RTjqP0i30B/Dz4LisNBoazqqNHbTidGli4U":{"registrationId":1171130258,"currentRatchet":{"ephemeralKeyPair":{"pubKey":"BUIpogWSBxJKhZZhW4IEcKMOGYL4evXhzYbRRSra1DBM","privKey":"SOYFf0/8zzWRmGgSCfWmsbu0Z4gTJYBpr4Pz5SxqZkM="},"lastRemoteEphemeralKey":"BWgbQbyRf+V9YY1+r3wr/rcgMnM8Q3+V3mXGVOzYjSFA","previousCounter":0,"rootKey":"54EsIPH4tKce4j509bm4srfx+st6AkXPrt/Rb5Mskho="},"indexInfo":{"baseKey":"BSkFjejF2RTjqP0i30B/Dz4LisNBoazqqNHbTidGli4U","baseKeyType":2,"closed":-1,"used":1719315765753,"created":1719315765752,"remoteIdentityKey":"BT5p1Hr8rpG3Cm5K/IftAhvvMSIbdUbxhvWNxGVnj60+"},"_chains":{"BWgbQbyRf+V9YY1+r3wr/rcgMnM8Q3+V3mXGVOzYjSFA":{"chainKey":{"counter":0,"key":"RImQTno/8oKO+nzfOOZ4MknLDM9uYScQLijLJM+XsiE="},"chainType":2,"messageKeys":{}},"BUIpogWSBxJKhZZhW4IEcKMOGYL4evXhzYbRRSra1DBM":{"chainKey":{"counter":-1,"key":"6hyAdLZLxmpXaVDu6oWWjrGVMtjPlWN/vsK94/tU0ug="},"chainType":1,"messageKeys":{}}}}},"version":"v1"}