{"_sessions":{"Bexqj7DQHHzK9Xl74e2WhBEk3wU/+Dl65SXgbuNHzfA3":{"registrationId":215777800,"currentRatchet":{"ephemeralKeyPair":{"pubKey":"BdaqPxBd4rVtLWVJGAt+LIA0rFE1FpiBqbGhxQBpeEJk","privKey":"yNZTqq00v8tAqk0eIF/l/820O49/assdx509ZApQXkI="},"lastRemoteEphemeralKey":"BV+KdqZ0A/o5UkYunQ0w1mzU5/B72OJSklPCKqsZ6+QF","previousCounter":0,"rootKey":"PibpmWWTMkoUD1lDwtkTXSL5OuxA3bNgDIXAleQk+o8="},"indexInfo":{"baseKey":"Bexqj7DQHHzK9Xl74e2WhBEk3wU/+Dl65SXgbuNHzfA3","baseKeyType":2,"closed":-1,"used":1719327924799,"created":1719327924799,"remoteIdentityKey":"BeOim6PdsUqZgsq4L1pdGzyhudfTnViBspj3DOyJG6ZU"},"_chains":{"BV+KdqZ0A/o5UkYunQ0w1mzU5/B72OJSklPCKqsZ6+QF":{"chainKey":{"counter":0,"key":"p4GyZrdVkrkVApLPEJiWSK+ova5C0cj2Qgd/dOuNaTM="},"chainType":2,"messageKeys":{}},"BdaqPxBd4rVtLWVJGAt+LIA0rFE1FpiBqbGhxQBpeEJk":{"chainKey":{"counter":-1,"key":"5tc3jPEeshYqrY3rxLLlEga8akuz6wvk/N5vB7ID/kk="},"chainType":1,"messageKeys":{}}}}},"version":"v1"}