{"_sessions":{"BelHPPCkSchSFQMLVQZDMir4mYZLP+xXxe0xvz6Afzpq":{"registrationId":528489917,"currentRatchet":{"ephemeralKeyPair":{"pubKey":"BaMoIWkazWiIjEFkHAjOvNgAYQFLPTUASeDQGym02BJL","privKey":"mFoud7cNCwltZ7fKsT5HT67H0w1CC0PVI9szNW4vnVA="},"lastRemoteEphemeralKey":"BdzkrQ9BRn70g0Echy0EcrY5mYmBl6La3qhJL3EUc0wy","previousCounter":0,"rootKey":"yFtYMMaWk8RCfsIM6oneEKfkJxJL+J6Y8MNUgoTXG/A="},"indexInfo":{"baseKey":"BelHPPCkSchSFQMLVQZDMir4mYZLP+xXxe0xvz6Afzpq","baseKeyType":2,"closed":-1,"used":1719328408356,"created":1719328408355,"remoteIdentityKey":"BRRbhzgUXGPiV3l7kUn9I64ZBU4/J+NoPC81sp0dFh5R"},"_chains":{"BdzkrQ9BRn70g0Echy0EcrY5mYmBl6La3qhJL3EUc0wy":{"chainKey":{"counter":0,"key":"EWSMAwLDhAQjuyJMpMXJuVAp20d0ceQ3n2X7s+qcHDU="},"chainType":2,"messageKeys":{}},"BaMoIWkazWiIjEFkHAjOvNgAYQFLPTUASeDQGym02BJL":{"chainKey":{"counter":-1,"key":"E9T6WIk/+U58EPztxZFb8rE7n6T9wxJn944Tz5+KZaU="},"chainType":1,"messageKeys":{}}}}},"version":"v1"}