{"_sessions":{"BZIF1r7wsMc3Jxap2FbmYbSwwRdfdX9csy9tjj8qLxBQ":{"registrationId":459320581,"currentRatchet":{"ephemeralKeyPair":{"pubKey":"BYDnLS8QXB3Txq9dwtpGyMNnjyroUu/n6trAIfNT9Wwm","privKey":"IHHCTGDnypk0dLFzrtiWRJKyYUMaeHUvFvQHgk0i6Ww="},"lastRemoteEphemeralKey":"BdUn/oPJVbhtsilSBttgcJJKdynQUDaU3MJzrTF6ILZl","previousCounter":0,"rootKey":"N6NLLmPe9eDrHvv1GK2s6SDVaFqMfk0/pQoOuROLL3w="},"indexInfo":{"baseKey":"BZIF1r7wsMc3Jxap2FbmYbSwwRdfdX9csy9tjj8qLxBQ","baseKeyType":2,"closed":-1,"used":1719318471357,"created":1719318471357,"remoteIdentityKey":"BTsYNQMMOjBeIi4hH8fz+540DFQCYxAdPoXB0Md4nb8p"},"_chains":{"BdUn/oPJVbhtsilSBttgcJJKdynQUDaU3MJzrTF6ILZl":{"chainKey":{"counter":1,"key":"uduWkBp6CeJtaJsE19sFGit7YmzcO4kPRCZWP/jKgtE="},"chainType":2,"messageKeys":{}},"BYDnLS8QXB3Txq9dwtpGyMNnjyroUu/n6trAIfNT9Wwm":{"chainKey":{"counter":-1,"key":"2nGtA4tYKj1BAyEV11sjIR8aAjO/hGVxaXcd1wrnw3I="},"chainType":1,"messageKeys":{}}}}},"version":"v1"}