{"_sessions":{"BQp8awZiEyD08nIsZNiBviWhQsnMNfopPmfagOqyWkB+":{"registrationId":1049165220,"currentRatchet":{"ephemeralKeyPair":{"pubKey":"BfcLDz1Y6QnhCePZB9v3Xy7OdcUKXcQXXXB4qS3Otd8G","privKey":"4DuDV1QBBg7arwXEJGo4j+M8KeqZRr+jGPRniaFPo20="},"lastRemoteEphemeralKey":"BfG7ITZf3mJSr6AqqL7DFxBBXke4Neko7EdOwAc3BOpp","previousCounter":0,"rootKey":"0tqw4ab0//i5ffpg9DsG4bAQejm2+zknMHLmxibHduY="},"indexInfo":{"baseKey":"BQp8awZiEyD08nIsZNiBviWhQsnMNfopPmfagOqyWkB+","baseKeyType":2,"closed":-1,"used":1719315765998,"created":1719315765998,"remoteIdentityKey":"BVtaHY/Fq1wt9GfrH0EzyR/9yMk0YE/BBSjJwobeAw1B"},"_chains":{"BfG7ITZf3mJSr6AqqL7DFxBBXke4Neko7EdOwAc3BOpp":{"chainKey":{"counter":2,"key":"ev8TnsfxAkcBR27cuyb9qskVxshGxNzDVB/+6j4fzlo="},"chainType":2,"messageKeys":{}},"BfcLDz1Y6QnhCePZB9v3Xy7OdcUKXcQXXXB4qS3Otd8G":{"chainKey":{"counter":-1,"key":"H0t0X7pAkRFp3m9oO35h7b1bt1q+g6hLrXm+ja5K1h4="},"chainType":1,"messageKeys":{}}}}},"version":"v1"}