{"_sessions":{"BYaMKZ4O//ln+jM+vGZCEvXtHKoDmOEVvpFZb4HNwhdI":{"registrationId":2063412595,"currentRatchet":{"ephemeralKeyPair":{"pubKey":"BdlgX9Jz97FcSIxUCu8XZbRg521NTOml5BDUiVCAaMFa","privKey":"8A2NuHPCGVnjhd83IwW8A/wO2EWMDSicULw69ajjb3o="},"lastRemoteEphemeralKey":"BahWfi6cp2GgzejdjevyPWveqjxZo/edHDVnjskqO7U9","previousCounter":0,"rootKey":"nNNFvuSZx28rOiVOC+GqB4I9tqpPD8wNQKQnWtYaOrE="},"indexInfo":{"baseKey":"BYaMKZ4O//ln+jM+vGZCEvXtHKoDmOEVvpFZb4HNwhdI","baseKeyType":2,"closed":-1,"used":1719340613597,"created":1719340613597,"remoteIdentityKey":"BdDrxjwqqf7bURIYIdUiYKpTXhz/PH7M9D2gsQecvUIw"},"_chains":{"BahWfi6cp2GgzejdjevyPWveqjxZo/edHDVnjskqO7U9":{"chainKey":{"counter":3,"key":"npscZQT7xaXrezareyJds4VI2M6hsqGT469i4Xc5WKw="},"chainType":2,"messageKeys":{}},"BdlgX9Jz97FcSIxUCu8XZbRg521NTOml5BDUiVCAaMFa":{"chainKey":{"counter":-1,"key":"DiDrrt8cejih5TRZBKgroJATkKNHTCjsrLnp7Yx4EIU="},"chainType":1,"messageKeys":{}}}}},"version":"v1"}