{"_sessions":{"BU+b1ojRVJ/a6ahBlqq8bz/eI6KlmIo1fPwbL/Hc+r5K":{"registrationId":261911428,"currentRatchet":{"ephemeralKeyPair":{"pubKey":"BTh602gIvaWJTUHsPdVxI4Pr64bNPR5TybI2YBApsQd3","privKey":"UM3VUVH/W9xVKlBq/iEYm4EMiIOrp7Mwwz0f7s08KV0="},"lastRemoteEphemeralKey":"BdhcLu5njG9FHUzU+cz8tG+quSNEzKot5Wl2XI7jB+Au","previousCounter":0,"rootKey":"XcqcOtKrmRwZ8pqZlvuhiG2ETOQh3YxIo4JsqHoFHyU="},"indexInfo":{"baseKey":"BU+b1ojRVJ/a6ahBlqq8bz/eI6KlmIo1fPwbL/Hc+r5K","baseKeyType":2,"closed":-1,"used":1719315766046,"created":1719315766046,"remoteIdentityKey":"BRUnmM0CJQzYnJFHz3hK5TXyH5uVhXMHX7dyolqweIBL"},"_chains":{"BdhcLu5njG9FHUzU+cz8tG+quSNEzKot5Wl2XI7jB+Au":{"chainKey":{"counter":1,"key":"MpT88H8XHKTTJoJkRZjaY2Lg1Ly5DMp1p+imGsvunx8="},"chainType":2,"messageKeys":{}},"BTh602gIvaWJTUHsPdVxI4Pr64bNPR5TybI2YBApsQd3":{"chainKey":{"counter":-1,"key":"nsgNcC43NZstDAeZ8ADbL+RY3Y3BpWyu7RGVt7oRM9U="},"chainType":1,"messageKeys":{}}}}},"version":"v1"}