{"_sessions":{"BWNIqzjmAYvJdJJgsJliyrMw/4iW6sdvDhDWrE9kMts5":{"registrationId":1394835384,"currentRatchet":{"ephemeralKeyPair":{"pubKey":"BQMTzzu3SIrIxUd3bGhCCrswCZ+dOsOgCcs7KBOSdPdu","privKey":"WBBcGzNGjCuEvNyBm2sT09+mcckB5G/cNXXlysPu0lc="},"lastRemoteEphemeralKey":"BdAHbjwqg2FnBYoxF/YT/YjPwiwGkvaSlJ29Sp6U2hdw","previousCounter":0,"rootKey":"RL9yKA0n7nxA4b5JDnT9jg2+qWgMiZM1AYgwB5WZK6s="},"indexInfo":{"baseKey":"BWNIqzjmAYvJdJJgsJliyrMw/4iW6sdvDhDWrE9kMts5","baseKeyType":2,"closed":-1,"used":1719315766169,"created":1719315766169,"remoteIdentityKey":"BdGr7hG/CjBgH1cvI+T9OyloVOOWpANy1TKp3BJtT3tm"},"_chains":{"BdAHbjwqg2FnBYoxF/YT/YjPwiwGkvaSlJ29Sp6U2hdw":{"chainKey":{"counter":0,"key":"g3ndQNTHSDBDhSGlAdlmbmKu/2QRLMEq/WWDwBfPFAw="},"chainType":2,"messageKeys":{}},"BQMTzzu3SIrIxUd3bGhCCrswCZ+dOsOgCcs7KBOSdPdu":{"chainKey":{"counter":-1,"key":"W3LTcf9FXugVNcm8PgwTqzVIUekRT5TsHY74f+hfpfE="},"chainType":1,"messageKeys":{}}}}},"version":"v1"}