{"_sessions":{"BZ/CM4506KOV8lBCDlptXA4qSIxo3u3f2wGhFIK2sMk6":{"registrationId":1253814056,"currentRatchet":{"ephemeralKeyPair":{"pubKey":"BX3FB+e/SxL8bBRXC09BU9Mmnxl2G20mbl4JpK0J9Zlg","privKey":"aEtacOBSIZwzlZsm8bYFHXRWFn5MtUiHQ9wzZDOQ3mw="},"lastRemoteEphemeralKey":"BYRtWnbPXH4JFTQrWSUTtAf19nieMl5tIasOjfDahSxe","previousCounter":0,"rootKey":"wc+VdB8bp9NEcfp90hFZBLibR+oYaG/9ycOjEKKZYEY="},"indexInfo":{"baseKey":"BZ/CM4506KOV8lBCDlptXA4qSIxo3u3f2wGhFIK2sMk6","baseKeyType":2,"closed":-1,"used":1719329166919,"created":1719329166919,"remoteIdentityKey":"Ba3EUeI3XgILC8f3BXokpn99yKy9quKam+noCG+04QZZ"},"_chains":{"BYRtWnbPXH4JFTQrWSUTtAf19nieMl5tIasOjfDahSxe":{"chainKey":{"counter":3,"key":"qG4omq6t63s9sqVkQ1/ZRtTDBJ9rNXgACKaJLSz2XTs="},"chainType":2,"messageKeys":{"1":"4zG48RUc87g+3ruLADrUZfcvw6A1Yvb7wXXrTZcyo+8="}},"BX3FB+e/SxL8bBRXC09BU9Mmnxl2G20mbl4JpK0J9Zlg":{"chainKey":{"counter":-1,"key":"nkXW8fSyL0SnXsbkDi6REtTG+aY+m2aQBm2F60w3Fgk="},"chainType":1,"messageKeys":{}}}}},"version":"v1"}