{"_sessions":{"BXU1kDbSYjXkar0AKe+iPGhD92qv0uvozJ7kbwKdFhIo":{"registrationId":1252814629,"currentRatchet":{"ephemeralKeyPair":{"pubKey":"BVwml7ZyiOsQzNzTIkxNoAp8uQiF0Weq+EehNSBEJnNv","privKey":"sNmR19g+7G+7V9chMNNqs95Gacjwnjsd+TDtWZ4qgF4="},"lastRemoteEphemeralKey":"BUn9pXUYbLSxfytmCao9DTOBECpyPchYXQaNcM64dcQF","previousCounter":1,"rootKey":"diivfit5Y+cpzN9MOO+ZFKCEm2pQFHq5txk2Jo3QqAU="},"indexInfo":{"baseKey":"BXU1kDbSYjXkar0AKe+iPGhD92qv0uvozJ7kbwKdFhIo","baseKeyType":2,"closed":-1,"used":1719349795816,"created":1719276675085,"remoteIdentityKey":"BRMz2UlZjKAwvf0am4mRuKVyqKnHgebip6hIatGRgxpK"},"_chains":{"BfWVvfXo5Sw/RmmbVywTCYiCbOQhlGkG6tZAfsZBk/N2":{"chainKey":{"counter":18},"chainType":2,"messageKeys":{}},"BSNKq7bfpKgoovwnfNbtiy+l0g84y+m4tUpxhHi/RDxc":{"chainKey":{"counter":0},"chainType":2,"messageKeys":{}},"BWZ/JmJ6Vdo+P6kacup7rPRBQBE57p2GAG8pt8mRwu40":{"chainKey":{"counter":0},"chainType":2,"messageKeys":{}},"BTgA0oSTnYz9Zx6icMyyyoQUQknQ7K91YyJ21cgdXtco":{"chainKey":{"counter":0},"chainType":2,"messageKeys":{}},"Bajsh6YSu9IlRbNETVIDB8s67Gm7w2ThnfOJ4IkiYcEs":{"chainKey":{"counter":6},"chainType":2,"messageKeys":{}},"BQIWRIw9Y5RlvRemlLK11trV3WqROGEMJVYcxDGvfuhC":{"chainKey":{"counter":0},"chainType":2,"messageKeys":{}},"BZaCav0z0EjnQkYP3pAnuMY5cBRrD4aS/ZNahYpKb5QC":{"chainKey":{"counter":7},"chainType":2,"messageKeys":{}},"BSTmrrhjazZJwi7QXZmbmFbcj2u0KWr5HQYgrqz/8yhC":{"chainKey":{"counter":1},"chainType":2,"messageKeys":{}},"BQMblCp1AwOpmQDWgy3t91KyM2eMNjhll5bn7RgMVqdm":{"chainKey":{"counter":0},"chainType":2,"messageKeys":{}},"BeQat73KVJICKgZkmDOwBG7S4Fq7KkYhm5v0hjZWQwUd":{"chainKey":{"counter":0},"chainType":2,"messageKeys":{}},"BT7fMbtCdH5WC1I5HQUdE9MX/AmwZnHwJXLwVJiN7nZS":{"chainKey":{"counter":1},"chainType":2,"messageKeys":{}},"BZhVlZ+G/FLOopPxdnUlCXBl4GZBzwAyMvc2UzphKQce":{"chainKey":{"counter":1},"chainType":2,"messageKeys":{}},"BeiC1YkWGv8dNsOLyix7rVDuY4DfPlXkjSRWMuUx09sE":{"chainKey":{"counter":0},"chainType":2,"messageKeys":{}},"Be+eI+WDRLdCw6Go6MBXuhRtdftjZQNNUQAC9HSWV1R6":{"chainKey":{"counter":0},"chainType":2,"messageKeys":{}},"BQZnDhp5zMhu9FfeBmTi+Q6qfaUxW4LK5yQJQTEuvlsM":{"chainKey":{"counter":0},"chainType":2,"messageKeys":{}},"Bd8+QltCIKlvGo0Rr5JAHaIByp3DSqkmqzR32SXus9Yz":{"chainKey":{"counter":0},"chainType":2,"messageKeys":{}},"Bf5pqFZAbBVh1qtM1LbEOsDAvp2AQmsGQ7VefM5BvrAg":{"chainKey":{"counter":0},"chainType":2,"messageKeys":{}},"BcWwIt0y6hPLvsfQoxKd2pFwGPt6eFSTrlDEEAMCUq0q":{"chainKey":{"counter":0},"chainType":2,"messageKeys":{}},"BTLKVb8rUGgWGG1Q4CefEVresMfo8ySxUNiyRqOSo0da":{"chainKey":{"counter":0},"chainType":2,"messageKeys":{}},"BQE8xxj5zp8oVlgTsbbQIGRiaPpHBu5waFwy+c6w84k4":{"chainKey":{"counter":0},"chainType":2,"messageKeys":{}},"Bb/m4MIlsjNQZcuoXJmjyJFsvwXYX2+Swa/xN8m1eA0Z":{"chainKey":{"counter":0},"chainType":2,"messageKeys":{}},"BTNGRZtGxhSKsV7LaFtukEZlXG7Rc2LV/yYKAyL1KslX":{"chainKey":{"counter":0},"chainType":2,"messageKeys":{}},"BeUtItGUjElC6+tbj/eC3IzzW8eHa7UEeK4DqjKBCjMm":{"chainKey":{"counter":0},"chainType":2,"messageKeys":{}},"BfW/ZtiS94dz9zbaJ4HslRw2oQzi7msAjI2fFuR2hZcx":{"chainKey":{"counter":0},"chainType":2,"messageKeys":{}},"BcKMPXqKZXFnVCo8s54Esiev1qjppz3R2D4NfsdxgWww":{"chainKey":{"counter":0},"chainType":2,"messageKeys":{}},"BfvkZvjJbJD4H/7VFL8KEkAyumnHYUvXWZ2fJrawu+dw":{"chainKey":{"counter":2},"chainType":2,"messageKeys":{}},"BfxgeR7s6d8D1zR6/IQ9iNRwus/IY4KWhyaTfXpZZHgV":{"chainKey":{"counter":0},"chainType":2,"messageKeys":{}},"BUlnhmV6gv++3Gv1ZjLcx9tAaIPYaV7yCNKQnbejQKgH":{"chainKey":{"counter":0},"chainType":2,"messageKeys":{}},"BXJQxJk3Y2d43psWNzsmLC1W55U3rFT+60No6JBcB8Qi":{"chainKey":{"counter":0},"chainType":2,"messageKeys":{}},"BShW3l09Or4V3K0KW7BjEOyKO76BBt0bF4ye2675yfkQ":{"chainKey":{"counter":1},"chainType":2,"messageKeys":{}},"Bc9d5TNCBRHqdDE4w8zJIY0bFGE9B2FC7Mjq0aI858wt":{"chainKey":{"counter":0},"chainType":2,"messageKeys":{}},"BTcC3SFaufEkA/v/R9mf9C2XXAwPNjV2zDxlai496545":{"chainKey":{"counter":0},"chainType":2,"messageKeys":{}},"BSydxoreCW/RIH2h52dsnheBfqU/bKhMjLKwfBBv2RJN":{"chainKey":{"counter":0},"chainType":2,"messageKeys":{}},"BcrBXKIZpHn4QPj2tZ/nBj8wAe1MCqdUIdXQ3KT4EepN":{"chainKey":{"counter":0},"chainType":2,"messageKeys":{}},"BSqmBda50Bkc+St+t+jvZS7Jr4tTS6RDw6adFtoF+ZdV":{"chainKey":{"counter":7},"chainType":2,"messageKeys":{}},"BR6smTI8MboL5OfjuWx4wHI/JhqC0LrQK8BSFk2dtUl4":{"chainKey":{"counter":0},"chainType":2,"messageKeys":{}},"BZ0VLdCOjqiSG4A6QhICAnS0/YLDLZQCPxSImHpNPlEO":{"chainKey":{"counter":0},"chainType":2,"messageKeys":{}},"BcZSW5z298hJNA9NQuY+VRt66JFgISiJqtjJfmSNb+Ev":{"chainKey":{"counter":0},"chainType":2,"messageKeys":{}},"BYrcei+v5Icm3y3pq5Zh+0fdv/w/9yD8FUiksLU/brwD":{"chainKey":{"counter":0},"chainType":2,"messageKeys":{}},"BbSA4Sv1tSpvFjust1v5gCy5fPM01136oeq0wlKzNgJL":{"chainKey":{"counter":0},"chainType":2,"messageKeys":{}},"BTVFgViR5K5Bri36a9ujJ31zRGz3tcj8/9yNjTGuYpUg":{"chainKey":{"counter":0},"chainType":2,"messageKeys":{}},"BUn9pXUYbLSxfytmCao9DTOBECpyPchYXQaNcM64dcQF":{"chainKey":{"counter":0,"key":"eAlFCV0C5KnST+JbyyRqCWVlAaafkK71CfOTI9aNvKY="},"chainType":2,"messageKeys":{}},"BVwml7ZyiOsQzNzTIkxNoAp8uQiF0Weq+EehNSBEJnNv":{"chainKey":{"counter":1,"key":"IXWLQ7wi6k67jXaR8YksOOVPpsFrlzPhNlGDA9pMjrc="},"chainType":1,"messageKeys":{}}}}},"version":"v1"}