{"_sessions":{"BSMS199jn1P1WeSorEwfPiSsuQVcBslTcMmhJGMAv65i":{"registrationId":2068797417,"currentRatchet":{"ephemeralKeyPair":{"pubKey":"BXCDZKVE/is8mulnSOj7OYI6tFWuzvfDSU9h6mV9LcBb","privKey":"YAzeF36s6PiV9jRJa3Rb5XZhGP0YSFysq2sawpO/J3E="},"lastRemoteEphemeralKey":"Bd/U6LkHwO2RYXWO3RvfxBzSpgIRPpXWZYHUWchu+apz","previousCounter":0,"rootKey":"XUk9igM4+hfSbcW0lLSoLIFjxYuvHQ1Dq3piB7bxRyo="},"indexInfo":{"baseKey":"BSMS199jn1P1WeSorEwfPiSsuQVcBslTcMmhJGMAv65i","baseKeyType":2,"closed":-1,"used":1719341317630,"created":1719341317630,"remoteIdentityKey":"BRyxSeqhMgZLYlCemBu2yw8qBe3oE4C8vKDqyb2ooG1q"},"_chains":{"Bd/U6LkHwO2RYXWO3RvfxBzSpgIRPpXWZYHUWchu+apz":{"chainKey":{"counter":1,"key":"pEquxdxyBPZd97obDiBr/0Nn3ahjrrN2NcTm4V5btJI="},"chainType":2,"messageKeys":{"0":"j6gwi6/TbnAXDJcZ8YENb2HS/2uRg26aPHLoYsm6XZc="}},"BXCDZKVE/is8mulnSOj7OYI6tFWuzvfDSU9h6mV9LcBb":{"chainKey":{"counter":-1,"key":"fjWEZFN9J7UKuTbUOhcaUzNVa55HhTgT+QvALI2VR70="},"chainType":1,"messageKeys":{}}}}},"version":"v1"}