{"_sessions":{"BYIxhWr3cUZuqCm4otfqSJ3YYCUHolsPM3oSKH3R29pd":{"registrationId":66327405,"currentRatchet":{"ephemeralKeyPair":{"pubKey":"BbU6NUyQFoftj+dM0lpXcj5maYWTTXvgVeQEq+QXCjJW","privKey":"4LhuHI77BchL4iIAYO4lrin52+zMqVTgCN/8S7M363g="},"lastRemoteEphemeralKey":"BWPY0bypA8svFCoZobUf6i2qnwI6HjQGUEhz+74Zt6A6","previousCounter":0,"rootKey":"VRZAzYY35LVp5kZ7yQr9K9YBzQZpBChqlJmAD8Qm/Mc="},"indexInfo":{"baseKey":"BYIxhWr3cUZuqCm4otfqSJ3YYCUHolsPM3oSKH3R29pd","baseKeyType":2,"closed":-1,"used":1719315766302,"created":1719315766302,"remoteIdentityKey":"BfbUF7S65REkUUQsl5XLORBm/03CDTvuNSVSanClw0cz"},"_chains":{"BWPY0bypA8svFCoZobUf6i2qnwI6HjQGUEhz+74Zt6A6":{"chainKey":{"counter":0,"key":"J8uOpzLcRXVnvgjq21ucLwMwbJwyW+4W2lXrYlZwCQY="},"chainType":2,"messageKeys":{}},"BbU6NUyQFoftj+dM0lpXcj5maYWTTXvgVeQEq+QXCjJW":{"chainKey":{"counter":-1,"key":"te+2zi/PasHUy16g+F3dKVtnr1KPXAz9McLJQhsoFwE="},"chainType":1,"messageKeys":{}}}}},"version":"v1"}