{"_sessions":{"BXwPl7BRQtLECn3nQ8I+xoSSVyBFKXhvH4yyCQkaZiMK":{"registrationId":1047010135,"currentRatchet":{"ephemeralKeyPair":{"pubKey":"BWrfKuNC1ADaUkZTvsTIBoENUZtK05xQYQyWUDksNmlV","privKey":"mJ2EIJrluGPeXUdG4Led5Y6DKd84uRlFKwknGJjXDlE="},"lastRemoteEphemeralKey":"BXOUHFwWff8Fcklirblnayo7cguYDnbW0FYOMBqtYP8X","previousCounter":0,"rootKey":"1ButZVqPTfY6qcQDf5ImAz69hdDPmc39qeVpueB1FAw="},"indexInfo":{"baseKey":"BXwPl7BRQtLECn3nQ8I+xoSSVyBFKXhvH4yyCQkaZiMK","baseKeyType":2,"closed":-1,"used":1719324024975,"created":1719324024975,"remoteIdentityKey":"BROGfnMF3Og0qMrELCJrs2nwLrL8ih2Nou2YITBJW0c9"},"_chains":{"BXOUHFwWff8Fcklirblnayo7cguYDnbW0FYOMBqtYP8X":{"chainKey":{"counter":0,"key":"qwsb9pz/7Ll6SNk58ITUIlG+EdztxU2/8w56tHtn1pk="},"chainType":2,"messageKeys":{}},"BWrfKuNC1ADaUkZTvsTIBoENUZtK05xQYQyWUDksNmlV":{"chainKey":{"counter":-1,"key":"lnVcduJlfkEtYXXiAD69jagH8eGT6x6vxnKRiTyPlJk="},"chainType":1,"messageKeys":{}}}}},"version":"v1"}