{"_sessions":{"BY8FFzG8j82kcDwTTQblVE6zYEF6m/enr3AmTu8Z77ZW":{"registrationId":1904981602,"currentRatchet":{"ephemeralKeyPair":{"pubKey":"BbOVwK7wpo5gUPePQP0QM+RnUl2wM8Yyir3uzDphw49o","privKey":"2KNCh09k57V8rMmooOa1Rc0Lh7pH0areQVIu/Fe5FnU="},"lastRemoteEphemeralKey":"BUBGFap0mXd4MoVuxpVgxtXeeuqKfrQV/fpHj+W1dtxD","previousCounter":0,"rootKey":"b8v9MPrmqA0Fh51ZwMAgbcZffhFxGLv/sYeS/7wDG/o="},"indexInfo":{"baseKey":"BY8FFzG8j82kcDwTTQblVE6zYEF6m/enr3AmTu8Z77ZW","baseKeyType":2,"closed":-1,"used":1719318471118,"created":1719318471118,"remoteIdentityKey":"BabwbSWycMoxyR2UpyAKiRGY7XqUZC38ANKobxijvt9E"},"_chains":{"BUBGFap0mXd4MoVuxpVgxtXeeuqKfrQV/fpHj+W1dtxD":{"chainKey":{"counter":1,"key":"nyM+EXu3yR432dMvi12XGH93XNRxzxDTgwU7jC/LJhI="},"chainType":2,"messageKeys":{}},"BbOVwK7wpo5gUPePQP0QM+RnUl2wM8Yyir3uzDphw49o":{"chainKey":{"counter":-1,"key":"MizSTxzNkQ5QrSs6Gel0tonBWa7KCTsK3fDkoeN7EPA="},"chainType":1,"messageKeys":{}}}}},"version":"v1"}