{"_sessions":{"BTVic0bb1TJ6SeaY2+cNQgiKDXxSwjJ/N+NouMVnxH5Y":{"registrationId":576011582,"currentRatchet":{"ephemeralKeyPair":{"pubKey":"BaUeIvD4pF4iqmYAhOSQJuwXctWqWyQPtJs41nBk5GJx","privKey":"kEtLj9gDSKszFEAFyzomLPtrRe/O8QT/KXhyIzHoVno="},"lastRemoteEphemeralKey":"BUbqWipte51ffpnRWt9TBNvXjvKa2uT4D0sqpCArVNxG","previousCounter":0,"rootKey":"qHLLUKyPnE+ZcyaN3XQngbT/xale0bJ/HytgX+oeZGc="},"indexInfo":{"baseKey":"BTVic0bb1TJ6SeaY2+cNQgiKDXxSwjJ/N+NouMVnxH5Y","baseKeyType":2,"closed":-1,"used":1719340121842,"created":1719340121842,"remoteIdentityKey":"BQBj87RfIskhrl3XAHKgOUU+qqFCKtZeOhhtwkd3aTsN"},"_chains":{"BUbqWipte51ffpnRWt9TBNvXjvKa2uT4D0sqpCArVNxG":{"chainKey":{"counter":0,"key":"zhsElyJ+ln4NZqDydo7b0qeaKrIa6tj8zHA07Wc7MDI="},"chainType":2,"messageKeys":{}},"BaUeIvD4pF4iqmYAhOSQJuwXctWqWyQPtJs41nBk5GJx":{"chainKey":{"counter":-1,"key":"WxZDqGlfcsixemDvAUy/c+Y7MNFmJnWaDyWht/W8ayw="},"chainType":1,"messageKeys":{}}}}},"version":"v1"}